LocID,Location,VarID,Variant,Time,MidPeriod,PopMale,PopFemale,PopTotal,PopDensity
826,United Kingdom,2,Medium,1950,1950.5,24337.403,26278.616,50616.019,209.218
826,United Kingdom,2,Medium,1951,1951.5,24318.326,26283.6,50601.926,209.159
826,United Kingdom,2,Medium,1952,1952.5,24340.296,26310.977,50651.273,209.363
826,United Kingdom,2,Medium,1953,1953.5,24393.893,26357.087,50750.98,209.775
826,United Kingdom,2,Medium,1954,1954.5,24471.764,26419.147,50890.911,210.354
826,United Kingdom,2,Medium,1955,1955.5,24568.615,26495.292,51063.907,211.069
826,United Kingdom,2,Medium,1956,1956.5,24681.321,26584.564,51265.885,211.904
826,United Kingdom,2,Medium,1957,1957.5,24808.809,26686.894,51495.703,212.854
826,United Kingdom,2,Medium,1958,1958.5,24951.751,26802.917,51754.668,213.924
826,United Kingdom,2,Medium,1959,1959.5,25111.974,26933.69,52045.664,215.127
826,United Kingdom,2,Medium,1960,1960.5,25290.81,27079.785,52370.595,216.47
826,United Kingdom,2,Medium,1961,1961.5,25487.382,27240.381,52727.763,217.946
826,United Kingdom,2,Medium,1962,1962.5,25696.973,27412.427,53109.4,219.524
826,United Kingdom,2,Medium,1963,1963.5,25910.428,27590.293,53500.721,221.141
826,United Kingdom,2,Medium,1964,1964.5,26115.993,27766.758,53882.751,222.72
826,United Kingdom,2,Medium,1965,1965.5,26304.88,27935.975,54240.855,224.201
826,United Kingdom,2,Medium,1966,1966.5,26472.916,28095.952,54568.868,225.556
826,United Kingdom,2,Medium,1967,1967.5,26620.757,28245.772,54866.529,226.787
826,United Kingdom,2,Medium,1968,1968.5,26750.465,28382.138,55132.603,227.887
826,United Kingdom,2,Medium,1969,1969.5,26866.298,28501.652,55367.95,228.859
826,United Kingdom,2,Medium,1970,1970.5,26971.359,28602.096,55573.455,229.709
826,United Kingdom,2,Medium,1971,1971.5,27066.358,28682.176,55748.534,230.432
826,United Kingdom,2,Medium,1972,1972.5,27149.812,28742.6,55892.412,231.027
826,United Kingdom,2,Medium,1973,1973.5,27220.319,28785.971,56006.29,231.498
826,United Kingdom,2,Medium,1974,1974.5,27275.823,28816.236,56092.059,231.852
826,United Kingdom,2,Medium,1975,1975.5,27315.45,28836.875,56152.325,232.102
826,United Kingdom,2,Medium,1976,1976.5,27339.33,28849.018,56188.348,232.25
826,United Kingdom,2,Medium,1977,1977.5,27349.879,28853.719,56203.598,232.313
826,United Kingdom,2,Medium,1978,1978.5,27351.387,28854.523,56205.91,232.323
826,United Kingdom,2,Medium,1979,1979.5,27349.517,28855.57,56205.087,232.32
826,United Kingdom,2,Medium,1980,1980.5,27348.894,28860.27,56209.164,232.336
826,United Kingdom,2,Medium,1981,1981.5,27350.812,28869.927,56220.739,232.384
826,United Kingdom,2,Medium,1982,1982.5,27356.019,28885.389,56241.408,232.47
826,United Kingdom,2,Medium,1983,1983.5,27367.917,28908.874,56276.791,232.616
826,United Kingdom,2,Medium,1984,1984.5,27390.261,28942.641,56332.902,232.848
826,United Kingdom,2,Medium,1985,1985.5,27425.502,28988.053,56413.555,233.181
826,United Kingdom,2,Medium,1986,1986.5,27475.927,29046.578,56522.505,233.632
826,United Kingdom,2,Medium,1987,1987.5,27540.783,29117.477,56658.26,234.193
826,United Kingdom,2,Medium,1988,1988.5,27615.719,29197.035,56812.754,234.831
826,United Kingdom,2,Medium,1989,1989.5,27694.345,29279.944,56974.289,235.499
826,United Kingdom,2,Medium,1990,1990.5,27772.1,29362.277,57134.377,236.161
826,United Kingdom,2,Medium,1991,1991.5,27847.872,29442.92,57290.792,236.807
826,United Kingdom,2,Medium,1992,1992.5,27923.32,29522.721,57446.041,237.449
826,United Kingdom,2,Medium,1993,1993.5,28000.059,29602.22,57602.279,238.095
826,United Kingdom,2,Medium,1994,1994.5,28080.743,29682.639,57763.382,238.761
826,United Kingdom,2,Medium,1995,1995.5,28167.491,29764.959,57932.45,239.46
826,United Kingdom,2,Medium,1996,1996.5,28262.236,29851.318,58113.554,240.208
826,United Kingdom,2,Medium,1997,1997.5,28365.278,29942.042,58307.32,241.009
826,United Kingdom,2,Medium,1998,1998.5,28475.5,30034.472,58509.972,241.847
826,United Kingdom,2,Medium,1999,1999.5,28591.042,30124.817,58715.859,242.698
826,United Kingdom,2,Medium,2000,2000.5,28711.564,30211.741,58923.305,243.555
826,United Kingdom,2,Medium,2001,2001.5,28833.604,30290.673,59124.277,244.386
826,United Kingdom,2,Medium,2002,2002.5,28960.222,30366.072,59326.294,245.221
826,United Kingdom,2,Medium,2003,2003.5,29105.237,30456.192,59561.429,246.193
826,United Kingdom,2,Medium,2004,2004.5,29287.102,30585.658,59872.76,247.48
826,United Kingdom,2,Medium,2005,2005.5,29517.485,30770.468,60287.953,249.196
826,United Kingdom,2,Medium,2006,2006.5,29802.575,31018.774,60821.349,251.401
826,United Kingdom,2,Medium,2007,2007.5,30134.133,31321.021,61455.154,254.02
826,United Kingdom,2,Medium,2008,2008.5,30491.503,31653.595,62145.098,256.872
826,United Kingdom,2,Medium,2009,2009.5,30845.661,31982.959,62828.62,259.698
826,United Kingdom,2,Medium,2010,2010.5,31175.28,32284.521,63459.801,262.306
826,United Kingdom,2,Medium,2011,2011.5,31472.428,32549.494,64021.922,264.63
826,United Kingdom,2,Medium,2012,2012.5,31741.626,32783.674,64525.3,266.711
826,United Kingdom,2,Medium,2013,2013.5,31989.179,32994.836,64984.015,268.607
826,United Kingdom,2,Medium,2014,2014.5,32226.444,33196.604,65423.048,270.421
826,United Kingdom,2,Medium,2015,2015.5,32461.498,33398.651,65860.149,272.228
826,United Kingdom,2,Medium,2016,2016.5,32695.427,33602.517,66297.944,274.038
826,United Kingdom,2,Medium,2017,2017.5,32924.082,33803.381,66727.463,275.813
826,United Kingdom,2,Medium,2018,2018.5,33144.305,33997.373,67141.678,277.525
826,United Kingdom,2,Medium,2019,2019.5,33351.435,34178.726,67530.161,279.131
826,United Kingdom,2,Medium,2020,2020.5,33542.415,34343.589,67886.004,280.602
826,United Kingdom,2,Medium,2021,2021.5,33716.291,34490.823,68207.114,281.929
826,United Kingdom,2,Medium,2022,2022.5,33875.113,34622.8,68497.913,283.131
826,United Kingdom,2,Medium,2023,2023.5,34022.5,34743.435,68765.935,284.239
826,United Kingdom,2,Medium,2024,2024.5,34163.555,34858.287,69021.842,285.297
826,United Kingdom,2,Medium,2025,2025.5,34302.108,34971.532,69273.64,286.338
826,United Kingdom,2,Medium,2026,2026.5,34439.569,35084.531,69524.1,287.373
826,United Kingdom,2,Medium,2027,2027.5,34575.365,35196.596,69771.961,288.397
826,United Kingdom,2,Medium,2028,2028.5,34708.927,35307.336,70016.263,289.407
826,United Kingdom,2,Medium,2029,2029.5,34838.949,35415.699,70254.648,290.392
826,United Kingdom,2,Medium,2030,2030.5,34964.566,35520.917,70485.483,291.347
826,United Kingdom,2,Medium,2031,2031.5,35085.988,35623.304,70709.292,292.272
826,United Kingdom,2,Medium,2032,2032.5,35204.02,35723.445,70927.465,293.174
826,United Kingdom,2,Medium,2033,2033.5,35319.036,35821.033,71140.069,294.052
826,United Kingdom,2,Medium,2034,2034.5,35431.519,35915.614,71347.133,294.908
826,United Kingdom,2,Medium,2035,2035.5,35541.843,36006.913,71548.756,295.742
826,United Kingdom,2,Medium,2036,2036.5,35650.123,36094.804,71744.927,296.552
826,United Kingdom,2,Medium,2037,2037.5,35756.439,36179.496,71935.935,297.342
826,United Kingdom,2,Medium,2038,2038.5,35861.11,36261.502,72122.612,298.114
826,United Kingdom,2,Medium,2039,2039.5,35964.517,36341.513,72306.03,298.872
826,United Kingdom,2,Medium,2040,2040.5,36066.874,36420.022,72486.896,299.619
826,United Kingdom,2,Medium,2041,2041.5,36168.301,36497.14,72665.441,300.357
826,United Kingdom,2,Medium,2042,2042.5,36268.645,36572.72,72841.365,301.084
826,United Kingdom,2,Medium,2043,2043.5,36367.494,36646.557,73014.051,301.798
826,United Kingdom,2,Medium,2044,2044.5,36464.27,36718.391,73182.661,302.495
826,United Kingdom,2,Medium,2045,2045.5,36558.475,36787.944,73346.419,303.172
826,United Kingdom,2,Medium,2046,2046.5,36650.025,36855.255,73505.28,303.829
826,United Kingdom,2,Medium,2047,2047.5,36738.862,36920.242,73659.104,304.465
826,United Kingdom,2,Medium,2048,2048.5,36824.608,36982.49,73807.098,305.076
826,United Kingdom,2,Medium,2049,2049.5,36906.822,37041.478,73948.3,305.66
826,United Kingdom,2,Medium,2050,2050.5,36985.179,37096.804,74081.983,306.212
826,United Kingdom,2,Medium,2051,2051.5,37059.604,37148.407,74208.011,306.733
826,United Kingdom,2,Medium,2052,2052.5,37130.182,37196.43,74326.612,307.224
826,United Kingdom,2,Medium,2053,2053.5,37197.105,37240.961,74438.066,307.684
826,United Kingdom,2,Medium,2054,2054.5,37260.652,37282.203,74542.855,308.117
826,United Kingdom,2,Medium,2055,2055.5,37321.136,37320.391,74641.527,308.525
826,United Kingdom,2,Medium,2056,2056.5,37378.65,37355.618,74734.268,308.909
826,United Kingdom,2,Medium,2057,2057.5,37433.398,37388.13,74821.528,309.269
826,United Kingdom,2,Medium,2058,2058.5,37485.81,37418.438,74904.248,309.611
826,United Kingdom,2,Medium,2059,2059.5,37536.429,37447.112,74983.541,309.939
826,United Kingdom,2,Medium,2060,2060.5,37585.74,37474.733,75060.473,310.257
826,United Kingdom,2,Medium,2061,2061.5,37633.916,37501.472,75135.388,310.567
826,United Kingdom,2,Medium,2062,2062.5,37681.136,37527.573,75208.709,310.87
826,United Kingdom,2,Medium,2063,2063.5,37727.745,37553.585,75281.33,311.17
826,United Kingdom,2,Medium,2064,2064.5,37774.154,37580.135,75354.289,311.471
826,United Kingdom,2,Medium,2065,2065.5,37820.634,37607.684,75428.318,311.777
826,United Kingdom,2,Medium,2066,2066.5,37867.375,37636.478,75503.853,312.09
826,United Kingdom,2,Medium,2067,2067.5,37914.369,37666.475,75580.844,312.408
826,United Kingdom,2,Medium,2068,2068.5,37961.417,37697.46,75658.877,312.73
826,United Kingdom,2,Medium,2069,2069.5,38008.165,37728.992,75737.157,313.054
826,United Kingdom,2,Medium,2070,2070.5,38054.357,37760.757,75815.114,313.376
826,United Kingdom,2,Medium,2071,2071.5,38099.969,37792.748,75892.717,313.697
826,United Kingdom,2,Medium,2072,2072.5,38145.038,37824.969,75970.007,314.016
826,United Kingdom,2,Medium,2073,2073.5,38189.406,37857.076,76046.482,314.333
826,United Kingdom,2,Medium,2074,2074.5,38232.866,37888.649,76121.515,314.643
826,United Kingdom,2,Medium,2075,2075.5,38275.296,37919.381,76194.677,314.945
826,United Kingdom,2,Medium,2076,2076.5,38316.669,37949.181,76265.85,315.239
826,United Kingdom,2,Medium,2077,2077.5,38357.071,37978.146,76335.217,315.526
826,United Kingdom,2,Medium,2078,2078.5,38396.54,38006.395,76402.935,315.806
826,United Kingdom,2,Medium,2079,2079.5,38435.192,38034.164,76469.356,316.081
826,United Kingdom,2,Medium,2080,2080.5,38473.16,38061.655,76534.815,316.351
826,United Kingdom,2,Medium,2081,2081.5,38510.471,38088.935,76599.406,316.618
826,United Kingdom,2,Medium,2082,2082.5,38547.22,38116.078,76663.298,316.882
826,United Kingdom,2,Medium,2083,2083.5,38583.791,38143.444,76727.235,317.146
826,United Kingdom,2,Medium,2084,2084.5,38620.627,38171.461,76792.088,317.414
826,United Kingdom,2,Medium,2085,2085.5,38658.081,38200.477,76858.558,317.689
826,United Kingdom,2,Medium,2086,2086.5,38696.271,38230.589,76926.86,317.972
826,United Kingdom,2,Medium,2087,2087.5,38735.186,38261.864,76997.05,318.262
826,United Kingdom,2,Medium,2088,2088.5,38774.849,38294.412,77069.261,318.56
826,United Kingdom,2,Medium,2089,2089.5,38815.242,38328.364,77143.606,318.867
826,United Kingdom,2,Medium,2090,2090.5,38856.31,38363.772,77220.082,319.184
826,United Kingdom,2,Medium,2091,2091.5,38898.008,38400.636,77298.644,319.508
826,United Kingdom,2,Medium,2092,2092.5,38940.277,38438.874,77379.151,319.841
826,United Kingdom,2,Medium,2093,2093.5,38983.03,38478.366,77461.396,320.181
826,United Kingdom,2,Medium,2094,2094.5,39026.152,38518.93,77545.082,320.527
826,United Kingdom,2,Medium,2095,2095.5,39069.506,38560.383,77629.889,320.877
826,United Kingdom,2,Medium,2096,2096.5,39112.885,38602.475,77715.36,321.231
826,United Kingdom,2,Medium,2097,2097.5,39156.047,38644.984,77801.031,321.585
826,United Kingdom,2,Medium,2098,2098.5,39198.719,38687.614,77886.333,321.937
826,United Kingdom,2,Medium,2099,2099.5,39240.554,38730.086,77970.64,322.286
826,United Kingdom,2,Medium,2100,2100.5,39281.188,38772.075,78053.263,322.627
826,United Kingdom,3,High,2020,2020.5,33542.415,34343.589,67886.004,280.602
826,United Kingdom,3,High,2021,2021.5,33740.799,34511.251,68252.05,282.115
826,United Kingdom,3,High,2022,2022.5,33945.425,34686.413,68631.838,283.685
826,United Kingdom,3,High,2023,2023.5,34154.798,34867.078,69021.876,285.297
826,United Kingdom,3,High,2024,2024.5,34367.692,35051.678,69419.37,286.94
826,United Kingdom,3,High,2025,2025.5,34583.144,35239.031,69822.175,288.605
826,United Kingdom,3,High,2026,2026.5,34800.467,35428.416,70228.883,290.286
826,United Kingdom,3,High,2027,2027.5,35019.234,35619.522,70638.756,291.98
826,United Kingdom,3,High,2028,2028.5,35239.256,35812.412,71051.668,293.687
826,United Kingdom,3,High,2029,2029.5,35460.518,36007.388,71467.906,295.407
826,United Kingdom,3,High,2030,2030.5,35682.989,36204.695,71887.684,297.142
826,United Kingdom,3,High,2031,2031.5,35906.496,36404.24,72310.736,298.891
826,United Kingdom,3,High,2032,2032.5,36130.497,36605.239,72735.736,300.648
826,United Kingdom,3,High,2033,2033.5,36354.073,36806.142,73160.215,302.402
826,United Kingdom,3,High,2034,2034.5,36576.069,37004.971,73581.04,304.142
826,United Kingdom,3,High,2035,2035.5,36795.716,37200.31,73996.026,305.857
826,United Kingdom,3,High,2036,2036.5,37012.584,37391.539,74404.123,307.544
826,United Kingdom,3,High,2037,2037.5,37226.905,37579.036,74805.941,309.205
826,United Kingdom,3,High,2038,2038.5,37439.467,37763.716,75203.183,310.847
826,United Kingdom,3,High,2039,2039.5,37651.393,37947.023,75598.416,312.481
826,United Kingdom,3,High,2040,2040.5,37863.587,38130.064,75993.651,314.114
826,United Kingdom,3,High,2041,2041.5,38076.331,38313.146,76389.477,315.75
826,United Kingdom,3,High,2042,2042.5,38289.504,38496.113,76785.617,317.388
826,United Kingdom,3,High,2043,2043.5,38503.04,38679.121,77182.161,319.027
826,United Kingdom,3,High,2044,2044.5,38716.72,38862.242,77578.962,320.667
826,United Kingdom,3,High,2045,2045.5,38930.455,39045.597,77976.052,322.308
826,United Kingdom,3,High,2046,2046.5,39144.401,39229.448,78373.849,323.953
826,United Kingdom,3,High,2047,2047.5,39358.881,39414.068,78772.949,325.602
826,United Kingdom,3,High,2048,2048.5,39574.157,39599.676,79173.833,327.259
826,United Kingdom,3,High,2049,2049.5,39790.57,39786.466,79577.036,328.926
826,United Kingdom,3,High,2050,2050.5,40008.429,39974.662,79983.091,330.604
826,United Kingdom,3,High,2051,2051.5,40227.887,40164.42,80392.307,332.296
826,United Kingdom,3,High,2052,2052.5,40449.169,40356.013,80805.182,334.002
826,United Kingdom,3,High,2053,2053.5,40672.763,40549.823,81222.586,335.728
826,United Kingdom,3,High,2054,2054.5,40899.233,40746.286,81645.519,337.476
826,United Kingdom,3,High,2055,2055.5,41129.012,40945.793,82074.805,339.25
826,United Kingdom,3,High,2056,2056.5,41362.309,41148.527,82510.836,341.053
826,United Kingdom,3,High,2057,2057.5,41599.157,41354.61,82953.767,342.883
826,United Kingdom,3,High,2058,2058.5,41839.604,41564.125,83403.729,344.743
826,United Kingdom,3,High,2059,2059.5,42083.596,41777.131,83860.727,346.632
826,United Kingdom,3,High,2060,2060.5,42331.073,41993.663,84324.736,348.55
826,United Kingdom,3,High,2061,2061.5,42582.05,42213.754,84795.804,350.497
826,United Kingdom,3,High,2062,2062.5,42836.52,42437.462,85273.982,352.474
826,United Kingdom,3,High,2063,2063.5,43094.318,42664.85,85759.168,354.479
826,United Kingdom,3,High,2064,2064.5,43355.254,42895.987,86251.241,356.513
826,United Kingdom,3,High,2065,2065.5,43619.107,43130.871,86749.978,358.575
826,United Kingdom,3,High,2066,2066.5,43885.868,43369.537,87255.405,360.664
826,United Kingdom,3,High,2067,2067.5,44155.436,43611.876,87767.312,362.78
826,United Kingdom,3,High,2068,2068.5,44427.447,43857.503,88284.95,364.919
826,United Kingdom,3,High,2069,2069.5,44701.475,44105.92,88807.395,367.079
826,United Kingdom,3,High,2070,2070.5,44977.205,44356.761,89333.966,369.255
826,United Kingdom,3,High,2071,2071.5,45254.571,44609.971,89864.542,371.449
826,United Kingdom,3,High,2072,2072.5,45533.684,44865.617,90399.301,373.659
826,United Kingdom,3,High,2073,2073.5,45814.58,45123.567,90938.147,375.886
826,United Kingdom,3,High,2074,2074.5,46097.405,45383.704,91481.109,378.13
826,United Kingdom,3,High,2075,2075.5,46382.311,45646.025,92028.336,380.392
826,United Kingdom,3,High,2076,2076.5,46669.416,45910.545,92579.961,382.673
826,United Kingdom,3,High,2077,2077.5,46958.912,46177.49,93136.402,384.973
826,United Kingdom,3,High,2078,2078.5,47251.216,46447.334,93698.55,387.296
826,United Kingdom,3,High,2079,2079.5,47546.83,46720.672,94267.502,389.648
826,United Kingdom,3,High,2080,2080.5,47846.206,46998.042,94844.248,392.032
826,United Kingdom,3,High,2081,2081.5,48149.523,47279.649,95429.172,394.45
826,United Kingdom,3,High,2082,2082.5,48457.005,47565.682,96022.687,396.903
826,United Kingdom,3,High,2083,2083.5,48769.191,47856.671,96625.862,399.396
826,United Kingdom,3,High,2084,2084.5,49086.717,48153.218,97239.935,401.934
826,United Kingdom,3,High,2085,2085.5,49410.049,48455.801,97865.85,404.521
826,United Kingdom,3,High,2086,2086.5,49739.383,48764.579,98503.962,407.159
826,United Kingdom,3,High,2087,2087.5,50074.668,49079.587,99154.255,409.847
826,United Kingdom,3,High,2088,2088.5,50415.81,49400.851,99816.661,412.585
826,United Kingdom,3,High,2089,2089.5,50762.61,49728.329,100490.939,415.372
826,United Kingdom,3,High,2090,2090.5,51114.851,50061.919,101176.77,418.207
826,United Kingdom,3,High,2091,2091.5,51472.311,50401.482,101873.793,421.088
826,United Kingdom,3,High,2092,2092.5,51834.813,50746.838,102581.651,424.014
826,United Kingdom,3,High,2093,2093.5,52202.13,51097.714,103299.844,426.982
826,United Kingdom,3,High,2094,2094.5,52574,51453.825,104027.825,429.991
826,United Kingdom,3,High,2095,2095.5,52950.068,51814.776,104764.844,433.038
826,United Kingdom,3,High,2096,2096.5,53329.874,52180.123,105509.997,436.118
826,United Kingdom,3,High,2097,2097.5,53712.867,52549.326,106262.193,439.227
826,United Kingdom,3,High,2098,2098.5,54098.404,52921.784,107020.188,442.36
826,United Kingdom,3,High,2099,2099.5,54485.73,53296.813,107782.543,445.511
826,United Kingdom,3,High,2100,2100.5,54873.978,53673.664,108547.642,448.674
826,United Kingdom,4,Low,2020,2020.5,33542.415,34343.589,67886.004,280.602
826,United Kingdom,4,Low,2021,2021.5,33664.995,34439.087,68104.082,281.503
826,United Kingdom,4,Low,2022,2022.5,33772.353,34521.667,68294.02,282.288
826,United Kingdom,4,Low,2023,2023.5,33866.472,34592.633,68459.105,282.971
826,United Kingdom,4,Low,2024,2024.5,33948.959,34653.109,68602.068,283.562
826,United Kingdom,4,Low,2025,2025.5,34021.076,34704.032,68725.108,284.07
826,United Kingdom,4,Low,2026,2026.5,34083.706,34746.185,68829.891,284.503
826,United Kingdom,4,Low,2027,2027.5,34137.387,34780.173,68917.56,284.866
826,United Kingdom,4,Low,2028,2028.5,34182.329,34806.436,68988.765,285.16
826,United Kingdom,4,Low,2029,2029.5,34218.565,34825.316,69043.881,285.388
826,United Kingdom,4,Low,2030,2030.5,34246.146,34837.141,69083.287,285.551
826,United Kingdom,4,Low,2031,2031.5,34265.484,34842.367,69107.851,285.652
826,United Kingdom,4,Low,2032,2032.5,34277.554,34841.66,69119.214,285.699
826,United Kingdom,4,Low,2033,2033.5,34284.035,34835.937,69119.972,285.702
826,United Kingdom,4,Low,2034,2034.5,34286.988,34826.278,69113.266,285.675
826,United Kingdom,4,Low,2035,2035.5,34287.973,34813.516,69101.489,285.626
826,United Kingdom,4,Low,2036,2036.5,34287.687,34798.074,69085.761,285.561
826,United Kingdom,4,Low,2037,2037.5,34286.088,34780.078,69066.166,285.48
826,United Kingdom,4,Low,2038,2038.5,34283.117,34759.624,69042.741,285.383
826,United Kingdom,4,Low,2039,2039.5,34278.367,34736.697,69015.064,285.269
826,United Kingdom,4,Low,2040,2040.5,34271.477,34711.233,68982.71,285.135
826,United Kingdom,4,Low,2041,2041.5,34262.481,34683.253,68945.734,284.982
826,United Kingdom,4,Low,2042,2042.5,34251.348,34652.715,68904.063,284.81
826,United Kingdom,4,Low,2043,2043.5,34237.519,34619.295,68856.814,284.615
826,United Kingdom,4,Low,2044,2044.5,34220.274,34582.577,68802.851,284.392
826,United Kingdom,4,Low,2045,2045.5,34198.944,34542.143,68741.087,284.136
826,United Kingdom,4,Low,2046,2046.5,34173.328,34497.893,68671.221,283.847
826,United Kingdom,4,Low,2047,2047.5,34143.182,34449.578,68592.76,283.523
826,United Kingdom,4,Low,2048,2048.5,34107.795,34396.464,68504.259,283.157
826,United Kingdom,4,Low,2049,2049.5,34066.332,34337.646,68403.978,282.743
826,United Kingdom,4,Low,2050,2050.5,34018.18,34272.472,68290.652,282.274
826,United Kingdom,4,Low,2051,2051.5,33963.124,34200.722,68163.846,281.75
826,United Kingdom,4,Low,2052,2052.5,33901.203,34122.497,68023.7,281.171
826,United Kingdom,4,Low,2053,2053.5,33832.437,34037.737,67870.174,280.536
826,United Kingdom,4,Low,2054,2054.5,33756.972,33946.487,67703.459,279.847
826,United Kingdom,4,Low,2055,2055.5,33674.989,33848.889,67523.878,279.105
826,United Kingdom,4,Low,2056,2056.5,33586.58,33745.015,67331.595,278.31
826,United Kingdom,4,Low,2057,2057.5,33492.012,33635.178,67127.19,277.465
826,United Kingdom,4,Low,2058,2058.5,33391.943,33520.083,66912.026,276.576
826,United Kingdom,4,Low,2059,2059.5,33287.235,33400.654,66687.889,275.65
826,United Kingdom,4,Low,2060,2060.5,33178.649,33277.683,66456.332,274.692
826,United Kingdom,4,Low,2061,2061.5,33066.476,33151.47,66217.946,273.707
826,United Kingdom,4,Low,2062,2062.5,32950.983,33022.359,65973.342,272.696
826,United Kingdom,4,Low,2063,2063.5,32832.82,32891.153,65723.973,271.665
826,United Kingdom,4,Low,2064,2064.5,32712.686,32758.781,65471.467,270.622
826,United Kingdom,4,Low,2065,2065.5,32591.123,32625.96,65217.083,269.57
826,United Kingdom,4,Low,2066,2066.5,32468.486,32493.064,64961.55,268.514
826,United Kingdom,4,Low,2067,2067.5,32344.834,32360.153,64704.987,267.453
826,United Kingdom,4,Low,2068,2068.5,32220.063,32227.074,64447.137,266.388
826,United Kingdom,4,Low,2069,2069.5,32093.934,32093.507,64187.441,265.314
826,United Kingdom,4,Low,2070,2070.5,31966.233,31959.175,63925.408,264.231
826,United Kingdom,4,Low,2071,2071.5,31837.021,31824.147,63661.168,263.139
826,United Kingdom,4,Low,2072,2072.5,31706.373,31688.455,63394.828,262.038
826,United Kingdom,4,Low,2073,2073.5,31574.091,31551.738,63125.829,260.926
826,United Kingdom,4,Low,2074,2074.5,31439.897,31413.479,62853.376,259.8
826,United Kingdom,4,Low,2075,2075.5,31303.601,31273.327,62576.928,258.657
826,United Kingdom,4,Low,2076,2076.5,31165.192,31131.187,62296.379,257.498
826,United Kingdom,4,Low,2077,2077.5,31024.73,30987.142,62011.872,256.322
826,United Kingdom,4,Low,2078,2078.5,30882.214,30841.272,61723.486,255.13
826,United Kingdom,4,Low,2079,2079.5,30737.672,30693.707,61431.379,253.922
826,United Kingdom,4,Low,2080,2080.5,30591.177,30544.603,61135.78,252.7
826,United Kingdom,4,Low,2081,2081.5,30442.728,30393.989,60836.717,251.464
826,United Kingdom,4,Low,2082,2082.5,30292.453,30241.946,60534.399,250.215
826,United Kingdom,4,Low,2083,2083.5,30140.677,30088.816,60229.493,248.954
826,United Kingdom,4,Low,2084,2084.5,29987.827,29934.989,59922.816,247.687
826,United Kingdom,4,Low,2085,2085.5,29834.248,29780.779,59615.027,246.414
826,United Kingdom,4,Low,2086,2086.5,29680.065,29626.323,59306.388,245.139
826,United Kingdom,4,Low,2087,2087.5,29525.306,29471.672,58996.978,243.86
826,United Kingdom,4,Low,2088,2088.5,29370.042,29317.013,58687.055,242.579
826,United Kingdom,4,Low,2089,2089.5,29214.321,29162.512,58376.833,241.296
826,United Kingdom,4,Low,2090,2090.5,29058.17,29008.29,58066.46,240.013
826,United Kingdom,4,Low,2091,2091.5,28901.599,28854.402,57756.001,238.73
826,United Kingdom,4,Low,2092,2092.5,28744.615,28700.812,57445.427,237.446
826,United Kingdom,4,Low,2093,2093.5,28587.215,28547.45,57134.665,236.162
826,United Kingdom,4,Low,2094,2094.5,28429.341,28394.208,56823.549,234.876
826,United Kingdom,4,Low,2095,2095.5,28270.941,28240.947,56511.888,233.588
826,United Kingdom,4,Low,2096,2096.5,28111.928,28087.528,56199.456,232.296
826,United Kingdom,4,Low,2097,2097.5,27952.156,27933.799,55885.955,231.001
826,United Kingdom,4,Low,2098,2098.5,27791.49,27779.588,55571.078,229.699
826,United Kingdom,4,Low,2099,2099.5,27629.725,27624.735,55254.46,228.39
826,United Kingdom,4,Low,2100,2100.5,27466.649,27469.04,54935.689,227.073
826,United Kingdom,5,Constant fertility,2020,2020.5,33542.415,34343.589,67886.004,280.602
826,United Kingdom,5,Constant fertility,2021,2021.5,33702.62,34474.905,68177.525,281.807
826,United Kingdom,5,Constant fertility,2022,2022.5,33857.94,34603.141,68461.081,282.979
826,United Kingdom,5,Constant fertility,2023,2023.5,34008.682,34728.003,68736.685,284.118
826,United Kingdom,5,Constant fertility,2024,2024.5,34155.1,34849.327,69004.427,285.225
826,United Kingdom,5,Constant fertility,2025,2025.5,34297.387,34967.037,69264.424,286.299
826,United Kingdom,5,Constant fertility,2026,2026.5,34435.67,35081.194,69516.864,287.343
826,United Kingdom,5,Constant fertility,2027,2027.5,34570.017,35191.966,69761.983,288.356
826,United Kingdom,5,Constant fertility,2028,2028.5,34700.475,35299.603,70000.078,289.34
826,United Kingdom,5,Constant fertility,2029,2029.5,34827.017,35404.431,70231.448,290.297
826,United Kingdom,5,Constant fertility,2030,2030.5,34949.674,35506.743,70456.417,291.226
826,United Kingdom,5,Constant fertility,2031,2031.5,35068.55,35606.708,70675.258,292.131
826,United Kingdom,5,Constant fertility,2032,2032.5,35183.884,35704.277,70888.161,293.011
826,United Kingdom,5,Constant fertility,2033,2033.5,35296.061,35799.163,71095.224,293.867
826,United Kingdom,5,Constant fertility,2034,2034.5,35405.568,35890.918,71296.486,294.699
826,United Kingdom,5,Constant fertility,2035,2035.5,35512.814,35979.282,71492.096,295.507
826,United Kingdom,5,Constant fertility,2036,2036.5,35617.899,36064.136,71682.035,296.292
826,United Kingdom,5,Constant fertility,2037,2037.5,35720.897,36145.672,71866.569,297.055
826,United Kingdom,5,Constant fertility,2038,2038.5,35822.12,36224.39,72046.51,297.799
826,United Kingdom,5,Constant fertility,2039,2039.5,35921.896,36300.945,72222.841,298.528
826,United Kingdom,5,Constant fertility,2040,2040.5,36020.415,36375.801,72396.216,299.244
826,United Kingdom,5,Constant fertility,2041,2041.5,36117.788,36449.073,72566.861,299.95
826,United Kingdom,5,Constant fertility,2042,2042.5,36213.881,36520.591,72734.472,300.643
826,United Kingdom,5,Constant fertility,2043,2043.5,36308.313,36590.224,72898.537,301.321
826,United Kingdom,5,Constant fertility,2044,2044.5,36400.537,36657.724,73058.261,301.981
826,United Kingdom,5,Constant fertility,2045,2045.5,36490.094,36722.866,73212.96,302.62
826,United Kingdom,5,Constant fertility,2046,2046.5,36576.913,36785.674,73362.587,303.239
826,United Kingdom,5,Constant fertility,2047,2047.5,36660.929,36846.07,73506.999,303.836
826,United Kingdom,5,Constant fertility,2048,2048.5,36741.753,36903.635,73645.388,304.408
826,United Kingdom,5,Constant fertility,2049,2049.5,36818.917,36957.809,73776.726,304.951
826,United Kingdom,5,Constant fertility,2050,2050.5,36892.11,37008.22,73900.33,305.462
826,United Kingdom,5,Constant fertility,2051,2051.5,36961.232,37054.779,74016.011,305.94
826,United Kingdom,5,Constant fertility,2052,2052.5,37026.382,37097.63,74124.012,306.386
826,United Kingdom,5,Constant fertility,2053,2053.5,37087.722,37136.845,74224.567,306.802
826,United Kingdom,5,Constant fertility,2054,2054.5,37145.5,37172.596,74318.096,307.188
826,United Kingdom,5,Constant fertility,2055,2055.5,37199.995,37205.072,74405.067,307.548
826,United Kingdom,5,Constant fertility,2056,2056.5,37251.305,37234.392,74485.697,307.881
826,United Kingdom,5,Constant fertility,2057,2057.5,37299.613,37260.781,74560.394,308.19
826,United Kingdom,5,Constant fertility,2058,2058.5,37345.385,37284.751,74630.136,308.478
826,United Kingdom,5,Constant fertility,2059,2059.5,37389.184,37306.933,74696.117,308.751
826,United Kingdom,5,Constant fertility,2060,2060.5,37431.496,37327.886,74759.382,309.012
826,United Kingdom,5,Constant fertility,2061,2061.5,37472.52,37347.807,74820.327,309.264
826,United Kingdom,5,Constant fertility,2062,2062.5,37512.395,37366.923,74879.318,309.508
826,United Kingdom,5,Constant fertility,2063,2063.5,37551.491,37385.758,74937.249,309.748
826,United Kingdom,5,Constant fertility,2064,2064.5,37590.151,37404.925,74995.076,309.987
826,United Kingdom,5,Constant fertility,2065,2065.5,37628.645,37424.865,75053.51,310.228
826,United Kingdom,5,Constant fertility,2066,2066.5,37667.163,37445.815,75112.978,310.474
826,United Kingdom,5,Constant fertility,2067,2067.5,37705.703,37467.755,75173.458,310.724
826,United Kingdom,5,Constant fertility,2068,2068.5,37744.083,37490.471,75234.554,310.977
826,United Kingdom,5,Constant fertility,2069,2069.5,37781.982,37513.563,75295.545,311.229
826,United Kingdom,5,Constant fertility,2070,2070.5,37819.177,37536.759,75355.936,311.478
826,United Kingdom,5,Constant fertility,2071,2071.5,37855.646,37560.028,75415.674,311.725
826,United Kingdom,5,Constant fertility,2072,2072.5,37891.428,37583.389,75474.817,311.97
826,United Kingdom,5,Constant fertility,2073,2073.5,37926.357,37606.494,75532.851,312.21
826,United Kingdom,5,Constant fertility,2074,2074.5,37960.22,37628.907,75589.127,312.442
826,United Kingdom,5,Constant fertility,2075,2075.5,37992.885,37650.327,75643.212,312.666
826,United Kingdom,5,Constant fertility,2076,2076.5,38024.343,37670.664,75695.007,312.88
826,United Kingdom,5,Constant fertility,2077,2077.5,38054.652,37690.001,75744.653,313.085
826,United Kingdom,5,Constant fertility,2078,2078.5,38083.88,37708.473,75792.353,313.282
826,United Kingdom,5,Constant fertility,2079,2079.5,38112.132,37726.307,75838.439,313.473
826,United Kingdom,5,Constant fertility,2080,2080.5,38139.519,37743.706,75883.225,313.658
826,United Kingdom,5,Constant fertility,2081,2081.5,38166.092,37760.724,75926.816,313.838
826,United Kingdom,5,Constant fertility,2082,2082.5,38191.939,37777.462,75969.401,314.014
826,United Kingdom,5,Constant fertility,2083,2083.5,38217.447,37794.26,76011.707,314.189
826,United Kingdom,5,Constant fertility,2084,2084.5,38243.041,37811.541,76054.582,314.366
826,United Kingdom,5,Constant fertility,2085,2085.5,38269.086,37829.646,76098.732,314.549
826,United Kingdom,5,Constant fertility,2086,2086.5,38295.689,37848.695,76144.384,314.737
826,United Kingdom,5,Constant fertility,2087,2087.5,38322.849,37868.729,76191.578,314.932
826,United Kingdom,5,Constant fertility,2088,2088.5,38350.619,37889.903,76240.522,315.135
826,United Kingdom,5,Constant fertility,2089,2089.5,38379.027,37912.398,76291.425,315.345
826,United Kingdom,5,Constant fertility,2090,2090.5,38408.039,37936.272,76344.311,315.564
826,United Kingdom,5,Constant fertility,2091,2091.5,38437.626,37961.546,76399.172,315.79
826,United Kingdom,5,Constant fertility,2092,2092.5,38467.724,37988.128,76455.852,316.025
826,United Kingdom,5,Constant fertility,2093,2093.5,38498.216,38015.887,76514.103,316.265
826,United Kingdom,5,Constant fertility,2094,2094.5,38528.983,38044.611,76573.594,316.511
826,United Kingdom,5,Constant fertility,2095,2095.5,38559.857,38074.102,76633.959,316.761
826,United Kingdom,5,Constant fertility,2096,2096.5,38590.629,38104.116,76694.745,317.012
826,United Kingdom,5,Constant fertility,2097,2097.5,38621.043,38134.383,76755.426,317.263
826,United Kingdom,5,Constant fertility,2098,2098.5,38650.815,38164.646,76815.461,317.511
826,United Kingdom,5,Constant fertility,2099,2099.5,38679.632,38194.616,76874.248,317.754
826,United Kingdom,5,Constant fertility,2100,2100.5,38707.124,38223.983,76931.107,317.989
826,United Kingdom,6,Instant replacement,2020,2020.5,33542.415,34343.589,67886.004,280.602
826,United Kingdom,6,Instant replacement,2021,2021.5,33763.14,34535.416,68298.556,282.307
826,United Kingdom,6,Instant replacement,2022,2022.5,33988.272,34730.51,68718.782,284.044
826,United Kingdom,6,Instant replacement,2023,2023.5,34214.875,34926.551,69141.426,285.791
826,United Kingdom,6,Instant replacement,2024,2024.5,34438.515,35120.004,69558.519,287.515
826,United Kingdom,6,Instant replacement,2025,2025.5,34655.908,35308.289,69964.197,289.192
826,United Kingdom,6,Instant replacement,2026,2026.5,34866.385,35490.78,70357.165,290.816
826,United Kingdom,6,Instant replacement,2027,2027.5,35070.949,35668.298,70739.247,292.396
826,United Kingdom,6,Instant replacement,2028,2028.5,35270.034,35841.409,71111.443,293.934
826,United Kingdom,6,Instant replacement,2029,2029.5,35464.543,36011.145,71475.688,295.44
826,United Kingdom,6,Instant replacement,2030,2030.5,35655.216,36178.279,71833.495,296.919
826,United Kingdom,6,Instant replacement,2031,2031.5,35842.115,36342.988,72185.103,298.372
826,United Kingdom,6,Instant replacement,2032,2032.5,36025.129,36504.983,72530.112,299.798
826,United Kingdom,6,Instant replacement,2033,2033.5,36204.764,36664.07,72868.834,301.198
826,United Kingdom,6,Instant replacement,2034,2034.5,36381.62,36819.925,73201.545,302.573
826,United Kingdom,6,Instant replacement,2035,2035.5,36556.235,36972.412,73528.647,303.925
826,United Kingdom,6,Instant replacement,2036,2036.5,36728.882,37121.57,73850.452,305.255
826,United Kingdom,6,Instant replacement,2037,2037.5,36899.804,37267.761,74167.565,306.566
826,United Kingdom,6,Instant replacement,2038,2038.5,37069.435,37411.595,74481.03,307.862
826,United Kingdom,6,Instant replacement,2039,2039.5,37238.251,37553.868,74792.119,309.148
826,United Kingdom,6,Instant replacement,2040,2040.5,37406.646,37695.234,75101.88,310.428
826,United Kingdom,6,Instant replacement,2041,2041.5,37574.896,37835.971,75410.867,311.705
826,United Kingdom,6,Instant replacement,2042,2042.5,37743.159,37976.2,75719.359,312.98
826,United Kingdom,6,Instant replacement,2043,2043.5,37911.451,38116.165,76027.616,314.255
826,United Kingdom,6,Instant replacement,2044,2044.5,38079.711,38256.077,76335.788,315.528
826,United Kingdom,6,Instant replacement,2045,2045.5,38247.919,38396.105,76644.024,316.802
826,United Kingdom,6,Instant replacement,2046,2046.5,38416.144,38536.453,76952.597,318.078
826,United Kingdom,6,Instant replacement,2047,2047.5,38584.538,38677.22,77261.758,319.356
826,United Kingdom,6,Instant replacement,2048,2048.5,38753.215,38818.464,77571.679,320.637
826,United Kingdom,6,Instant replacement,2049,2049.5,38922.265,38960.191,77882.456,321.921
826,United Kingdom,6,Instant replacement,2050,2050.5,39091.788,39102.383,78194.171,323.21
826,United Kingdom,6,Instant replacement,2051,2051.5,39261.822,39245.09,78506.912,324.503
826,United Kingdom,6,Instant replacement,2052,2052.5,39432.348,39388.369,78820.717,325.8
826,United Kingdom,6,Instant replacement,2053,2053.5,39603.371,39532.122,79135.493,327.101
826,United Kingdom,6,Instant replacement,2054,2054.5,39774.834,39676.231,79451.065,328.405
826,United Kingdom,6,Instant replacement,2055,2055.5,39946.687,39820.583,79767.27,329.712
826,United Kingdom,6,Instant replacement,2056,2056.5,40118.967,39965.216,80084.183,331.022
826,United Kingdom,6,Instant replacement,2057,2057.5,40291.649,40110.177,80401.826,332.335
826,United Kingdom,6,Instant replacement,2058,2058.5,40464.531,40255.35,80719.881,333.65
826,United Kingdom,6,Instant replacement,2059,2059.5,40637.413,40400.631,81038.044,334.965
826,United Kingdom,6,Instant replacement,2060,2060.5,40810.125,40545.943,81356.068,336.279
826,United Kingdom,6,Instant replacement,2061,2061.5,40982.599,40691.246,81673.845,337.593
826,United Kingdom,6,Instant replacement,2062,2062.5,41154.915,40836.691,81991.606,338.906
826,United Kingdom,6,Instant replacement,2063,2063.5,41327.191,40982.599,82309.79,340.222
826,United Kingdom,6,Instant replacement,2064,2064.5,41499.607,41129.4,82629.007,341.541
826,United Kingdom,6,Instant replacement,2065,2065.5,41672.323,41277.44,82949.763,342.867
826,United Kingdom,6,Instant replacement,2066,2066.5,41845.421,41426.852,83272.273,344.2
826,United Kingdom,6,Instant replacement,2067,2067.5,42018.897,41577.623,83596.52,345.54
826,United Kingdom,6,Instant replacement,2068,2068.5,42192.774,41729.712,83922.486,346.887
826,United Kingdom,6,Instant replacement,2069,2069.5,42367.037,41883.043,84250.08,348.242
826,United Kingdom,6,Instant replacement,2070,2070.5,42541.713,42037.55,84579.263,349.602
826,United Kingdom,6,Instant replacement,2071,2071.5,42716.876,42193.329,84910.205,350.97
826,United Kingdom,6,Instant replacement,2072,2072.5,42892.677,42350.468,85243.145,352.346
826,United Kingdom,6,Instant replacement,2073,2073.5,43069.177,42508.88,85578.057,353.731
826,United Kingdom,6,Instant replacement,2074,2074.5,43246.507,42668.422,85914.929,355.123
826,United Kingdom,6,Instant replacement,2075,2075.5,43424.785,42829.046,86253.831,356.524
826,United Kingdom,6,Instant replacement,2076,2076.5,43604.128,42990.779,86594.907,357.934
826,United Kingdom,6,Instant replacement,2077,2077.5,43784.687,43153.817,86938.504,359.354
826,United Kingdom,6,Instant replacement,2078,2078.5,43966.72,43318.457,87285.177,360.787
826,United Kingdom,6,Instant replacement,2079,2079.5,44150.488,43485.086,87635.574,362.235
826,United Kingdom,6,Instant replacement,2080,2080.5,44336.25,43654.042,87990.292,363.701
826,United Kingdom,6,Instant replacement,2081,2081.5,44524.091,43825.445,88349.536,365.186
826,United Kingdom,6,Instant replacement,2082,2082.5,44714.126,43999.379,88713.505,366.691
826,United Kingdom,6,Instant replacement,2083,2083.5,44906.673,44176.176,89082.849,368.217
826,United Kingdom,6,Instant replacement,2084,2084.5,45102.108,44356.174,89458.282,369.769
826,United Kingdom,6,Instant replacement,2085,2085.5,45300.688,44539.641,89840.329,371.348
826,United Kingdom,6,Instant replacement,2086,2086.5,45502.483,44726.655,90229.138,372.956
826,United Kingdom,6,Instant replacement,2087,2087.5,45707.391,44917.158,90624.549,374.59
826,United Kingdom,6,Instant replacement,2088,2088.5,45915.245,45111.131,91026.376,376.251
826,United Kingdom,6,Instant replacement,2089,2089.5,46125.787,45308.453,91434.24,377.937
826,United Kingdom,6,Instant replacement,2090,2090.5,46338.756,45509.012,91847.768,379.646
826,United Kingdom,6,Instant replacement,2091,2091.5,46553.943,45712.62,92266.563,381.377
826,United Kingdom,6,Instant replacement,2092,2092.5,46771.127,45919.095,92690.222,383.128
826,United Kingdom,6,Instant replacement,2093,2093.5,46990.141,46128.216,93118.357,384.898
826,United Kingdom,6,Instant replacement,2094,2094.5,47210.726,46339.703,93550.429,386.684
826,United Kingdom,6,Instant replacement,2095,2095.5,47432.608,46553.235,93985.843,388.484
826,United Kingdom,6,Instant replacement,2096,2096.5,47655.416,46768.416,94423.832,390.294
826,United Kingdom,6,Instant replacement,2097,2097.5,47878.685,46984.836,94863.521,392.111
826,United Kingdom,6,Instant replacement,2098,2098.5,48101.907,47201.983,95303.89,393.932
826,United Kingdom,6,Instant replacement,2099,2099.5,48324.464,47419.329,95743.793,395.75
826,United Kingdom,6,Instant replacement,2100,2100.5,48545.671,47636.248,96181.919,397.561
826,United Kingdom,7,Zero migration,2020,2020.5,33542.415,34343.589,67886.004,280.602
826,United Kingdom,7,Zero migration,2021,2021.5,33626.099,34398.673,68024.772,281.175
826,United Kingdom,7,Zero migration,2022,2022.5,33702.633,34448.416,68151.049,281.697
826,United Kingdom,7,Zero migration,2023,2023.5,33772.449,34492.647,68265.096,282.169
826,United Kingdom,7,Zero migration,2024,2024.5,33835.863,34531.275,68367.138,282.591
826,United Kingdom,7,Zero migration,2025,2025.5,33893.067,34564.232,68457.299,282.963
826,United Kingdom,7,Zero migration,2026,2026.5,33944.113,34591.529,68535.642,283.287
826,United Kingdom,7,Zero migration,2027,2027.5,33988.958,34613.187,68602.145,283.562
826,United Kingdom,7,Zero migration,2028,2028.5,34027.453,34629.326,68656.779,283.788
826,United Kingdom,7,Zero migration,2029,2029.5,34059.39,34640.055,68699.445,283.964
826,United Kingdom,7,Zero migration,2030,2030.5,34084.644,34645.524,68730.168,284.091
826,United Kingdom,7,Zero migration,2031,2031.5,34103.267,34645.869,68749.136,284.17
826,United Kingdom,7,Zero migration,2032,2032.5,34115.684,34641.201,68756.885,284.202
826,United Kingdom,7,Zero migration,2033,2033.5,34122.622,34631.589,68754.211,284.191
826,United Kingdom,7,Zero migration,2034,2034.5,34125.08,34617.082,68742.162,284.141
826,United Kingdom,7,Zero migration,2035,2035.5,34123.85,34597.814,68721.664,284.056
826,United Kingdom,7,Zero migration,2036,2036.5,34119.204,34573.817,68693.021,283.938
826,United Kingdom,7,Zero migration,2037,2037.5,34111.253,34545.335,68656.588,283.787
826,United Kingdom,7,Zero migration,2038,2038.5,34100.438,34512.974,68613.412,283.609
826,United Kingdom,7,Zero migration,2039,2039.5,34087.216,34477.5,68564.716,283.407
826,United Kingdom,7,Zero migration,2040,2040.5,34071.883,34439.484,68511.367,283.187
826,United Kingdom,7,Zero migration,2041,2041.5,34054.645,34399.13,68453.775,282.949
826,United Kingdom,7,Zero migration,2042,2042.5,34035.437,34356.339,68391.776,282.692
826,United Kingdom,7,Zero migration,2043,2043.5,34013.921,34311.009,68324.93,282.416
826,United Kingdom,7,Zero migration,2044,2044.5,33989.552,34262.909,68252.461,282.117
826,United Kingdom,7,Zero migration,2045,2045.5,33961.898,34211.807,68173.705,281.791
826,United Kingdom,7,Zero migration,2046,2046.5,33930.901,34157.759,68088.66,281.44
826,United Kingdom,7,Zero migration,2047,2047.5,33896.517,34100.693,67997.21,281.062
826,United Kingdom,7,Zero migration,2048,2048.5,33858.304,34040.162,67898.466,280.653
826,United Kingdom,7,Zero migration,2049,2049.5,33815.738,33975.536,67791.274,280.21
826,United Kingdom,7,Zero migration,2050,2050.5,33768.45,33906.375,67674.825,279.729
826,United Kingdom,7,Zero migration,2051,2051.5,33716.344,33832.615,67548.959,279.209
826,United Kingdom,7,Zero migration,2052,2052.5,33659.494,33754.363,67413.857,278.65
826,United Kingdom,7,Zero migration,2053,2053.5,33598.01,33671.634,67269.644,278.054
826,United Kingdom,7,Zero migration,2054,2054.5,33532.068,33584.535,67116.603,277.422
826,United Kingdom,7,Zero migration,2055,2055.5,33461.887,33493.21,66955.097,276.754
826,United Kingdom,7,Zero migration,2056,2056.5,33387.579,33397.737,66785.316,276.052
826,United Kingdom,7,Zero migration,2057,2057.5,33309.312,33298.376,66607.688,275.318
826,United Kingdom,7,Zero migration,2058,2058.5,33227.567,33195.631,66423.198,274.555
826,United Kingdom,7,Zero migration,2059,2059.5,33142.88,33090.122,66233.002,273.769
826,United Kingdom,7,Zero migration,2060,2060.5,33055.761,32982.402,66038.163,272.964
826,United Kingdom,7,Zero migration,2061,2061.5,32966.435,32872.708,65839.143,272.141
826,United Kingdom,7,Zero migration,2062,2062.5,32875.09,32761.313,65636.403,271.303
826,United Kingdom,7,Zero migration,2063,2063.5,32782.186,32648.807,65430.993,270.454
826,United Kingdom,7,Zero migration,2064,2064.5,32688.172,32535.927,65224.099,269.599
826,United Kingdom,7,Zero migration,2065,2065.5,32593.434,32423.2,65016.634,268.742
826,United Kingdom,7,Zero migration,2066,2066.5,32498.228,32310.947,64809.175,267.884
826,United Kingdom,7,Zero migration,2067,2067.5,32402.62,32199.18,64601.8,267.027
826,United Kingdom,7,Zero migration,2068,2068.5,32306.513,32087.797,64394.31,266.169
826,United Kingdom,7,Zero migration,2069,2069.5,32209.704,31976.497,64186.201,265.309
826,United Kingdom,7,Zero migration,2070,2070.5,32112.059,31865.087,63977.146,264.445
826,United Kingdom,7,Zero migration,2071,2071.5,32013.633,31753.633,63767.266,263.577
826,United Kingdom,7,Zero migration,2072,2072.5,31914.551,31642.222,63556.773,262.707
826,United Kingdom,7,Zero migration,2073,2073.5,31814.735,31530.59,63345.325,261.833
826,United Kingdom,7,Zero migration,2074,2074.5,31714.084,31418.414,63132.498,260.954
826,United Kingdom,7,Zero migration,2075,2075.5,31612.566,31305.493,62918.059,260.067
826,United Kingdom,7,Zero migration,2076,2076.5,31510.22,31191.798,62702.018,259.174
826,United Kingdom,7,Zero migration,2077,2077.5,31407.184,31077.476,62484.66,258.276
826,United Kingdom,7,Zero migration,2078,2078.5,31303.551,30962.726,62266.277,257.373
826,United Kingdom,7,Zero migration,2079,2079.5,31199.512,30847.798,62047.31,256.468
826,United Kingdom,7,Zero migration,2080,2080.5,31095.21,30732.949,61828.159,255.562
826,United Kingdom,7,Zero migration,2081,2081.5,30990.719,30618.271,61608.99,254.656
826,United Kingdom,7,Zero migration,2082,2082.5,30886.19,30503.909,61390.099,253.751
826,United Kingdom,7,Zero migration,2083,2083.5,30781.983,30390.243,61172.226,252.851
826,United Kingdom,7,Zero migration,2084,2084.5,30678.546,30277.705,60956.251,251.958
826,United Kingdom,7,Zero migration,2085,2085.5,30576.218,30166.673,60742.891,251.076
826,United Kingdom,7,Zero migration,2086,2086.5,30475.128,30057.273,60532.401,250.206
826,United Kingdom,7,Zero migration,2087,2087.5,30375.271,29949.57,60324.841,249.348
826,United Kingdom,7,Zero migration,2088,2088.5,30276.688,29843.726,60120.414,248.503
826,United Kingdom,7,Zero migration,2089,2089.5,30179.358,29739.872,59919.23,247.672
826,United Kingdom,7,Zero migration,2090,2090.5,30083.251,29638.121,59721.372,246.854
826,United Kingdom,7,Zero migration,2091,2091.5,29988.304,29538.45,59526.754,246.049
826,United Kingdom,7,Zero migration,2092,2092.5,29894.426,29440.771,59335.197,245.258
826,United Kingdom,7,Zero migration,2093,2093.5,29801.497,29344.958,59146.455,244.478
826,United Kingdom,7,Zero migration,2094,2094.5,29709.352,29250.782,58960.134,243.707
826,United Kingdom,7,Zero migration,2095,2095.5,29617.806,29158.03,58775.836,242.946
826,United Kingdom,7,Zero migration,2096,2096.5,29526.609,29066.451,58593.06,242.19
826,United Kingdom,7,Zero migration,2097,2097.5,29435.473,28975.759,58411.232,241.439
826,United Kingdom,7,Zero migration,2098,2098.5,29344.063,28885.643,58229.706,240.688
826,United Kingdom,7,Zero migration,2099,2099.5,29251.992,28795.794,58047.786,239.936
826,United Kingdom,7,Zero migration,2100,2100.5,29158.854,28705.848,57864.702,239.18
826,United Kingdom,8,Constant mortality,2020,2020.5,33542.415,34343.589,67886.004,280.602
826,United Kingdom,8,Constant mortality,2021,2021.5,33689.234,34470.231,68159.465,281.732
826,United Kingdom,8,Constant mortality,2022,2022.5,33827.509,34591.31,68418.819,282.804
826,United Kingdom,8,Constant mortality,2023,2023.5,33957.612,34706.8,68664.412,283.819
826,United Kingdom,8,Constant mortality,2024,2024.5,34079.863,34816.688,68896.551,284.779
826,United Kingdom,8,Constant mortality,2025,2025.5,34194.527,34920.894,69115.421,285.684
826,United Kingdom,8,Constant mortality,2026,2026.5,34301.806,35019.344,69321.15,286.534
826,United Kingdom,8,Constant mortality,2027,2027.5,34401.847,35111.937,69513.784,287.33
826,United Kingdom,8,Constant mortality,2028,2028.5,34494.75,35198.56,69693.31,288.072
826,United Kingdom,8,Constant mortality,2029,2029.5,34580.602,35279.097,69859.699,288.76
826,United Kingdom,8,Constant mortality,2030,2030.5,34659.52,35353.496,70013.016,289.394
826,United Kingdom,8,Constant mortality,2031,2031.5,34731.761,35421.816,70153.577,289.975
826,United Kingdom,8,Constant mortality,2032,2032.5,34797.72,35484.265,70281.985,290.505
826,United Kingdom,8,Constant mortality,2033,2033.5,34858.046,35541.235,70399.281,290.99
826,United Kingdom,8,Constant mortality,2034,2034.5,34913.478,35593.212,70506.69,291.434
826,United Kingdom,8,Constant mortality,2035,2035.5,34964.677,35640.664,70605.341,291.842
826,United Kingdom,8,Constant mortality,2036,2036.5,35011.932,35683.734,70695.666,292.215
826,United Kingdom,8,Constant mortality,2037,2037.5,35055.51,35722.612,70778.122,292.556
826,United Kingdom,8,Constant mortality,2038,2038.5,35096.081,35757.901,70853.982,292.87
826,United Kingdom,8,Constant mortality,2039,2039.5,35134.355,35790.321,70924.676,293.162
826,United Kingdom,8,Constant mortality,2040,2040.5,35170.871,35820.388,70991.259,293.437
826,United Kingdom,8,Constant mortality,2041,2041.5,35205.981,35848.387,71054.368,293.698
826,United Kingdom,8,Constant mortality,2042,2042.5,35239.677,35874.271,71113.948,293.944
826,United Kingdom,8,Constant mortality,2043,2043.5,35271.66,35897.788,71169.448,294.174
826,United Kingdom,8,Constant mortality,2044,2044.5,35301.434,35918.493,71219.927,294.382
826,United Kingdom,8,Constant mortality,2045,2045.5,35328.593,35936.065,71264.658,294.567
826,United Kingdom,8,Constant mortality,2046,2046.5,35353.193,35950.543,71303.736,294.729
826,United Kingdom,8,Constant mortality,2047,2047.5,35375.34,35962.013,71337.353,294.868
826,United Kingdom,8,Constant mortality,2048,2048.5,35394.837,35970.205,71365.042,294.982
826,United Kingdom,8,Constant mortality,2049,2049.5,35411.415,35974.754,71386.169,295.07
826,United Kingdom,8,Constant mortality,2050,2050.5,35424.938,35975.455,71400.393,295.128
826,United Kingdom,8,Constant mortality,2051,2051.5,35435.364,35972.285,71407.649,295.158
826,United Kingdom,8,Constant mortality,2052,2052.5,35442.849,35965.461,71408.31,295.161
826,United Kingdom,8,Constant mortality,2053,2053.5,35447.731,35955.346,71403.077,295.139
826,United Kingdom,8,Constant mortality,2054,2054.5,35450.45,35942.415,71392.865,295.097
826,United Kingdom,8,Constant mortality,2055,2055.5,35451.391,35927.095,71378.486,295.038
826,United Kingdom,8,Constant mortality,2056,2056.5,35450.704,35909.57,71360.274,294.962
826,United Kingdom,8,Constant mortality,2057,2057.5,35448.454,35890.032,71338.486,294.872
826,United Kingdom,8,Constant mortality,2058,2058.5,35444.874,35868.966,71313.84,294.771
826,United Kingdom,8,Constant mortality,2059,2059.5,35440.237,35846.945,71287.182,294.66
826,United Kingdom,8,Constant mortality,2060,2060.5,35434.728,35824.417,71259.145,294.544
826,United Kingdom,8,Constant mortality,2061,2061.5,35428.514,35801.643,71230.157,294.425
826,United Kingdom,8,Constant mortality,2062,2062.5,35421.674,35778.737,71200.411,294.302
826,United Kingdom,8,Constant mortality,2063,2063.5,35414.199,35755.819,71170.018,294.176
826,United Kingdom,8,Constant mortality,2064,2064.5,35406.075,35732.925,71139,294.048
826,United Kingdom,8,Constant mortality,2065,2065.5,35397.254,35710.109,71107.363,293.917
826,United Kingdom,8,Constant mortality,2066,2066.5,35387.854,35687.518,71075.372,293.785
826,United Kingdom,8,Constant mortality,2067,2067.5,35377.929,35665.211,71043.14,293.652
826,United Kingdom,8,Constant mortality,2068,2068.5,35367.479,35643.057,71010.536,293.517
826,United Kingdom,8,Constant mortality,2069,2069.5,35356.47,35620.844,70977.314,293.38
826,United Kingdom,8,Constant mortality,2070,2070.5,35344.911,35598.41,70943.321,293.239
826,United Kingdom,8,Constant mortality,2071,2071.5,35332.836,35575.78,70908.616,293.096
826,United Kingdom,8,Constant mortality,2072,2072.5,35320.322,35553.044,70873.366,292.95
826,United Kingdom,8,Constant mortality,2073,2073.5,35307.533,35530.275,70837.808,292.803
826,United Kingdom,8,Constant mortality,2074,2074.5,35294.655,35507.554,70802.209,292.656
826,United Kingdom,8,Constant mortality,2075,2075.5,35281.825,35484.968,70766.793,292.509
826,United Kingdom,8,Constant mortality,2076,2076.5,35269.099,35462.545,70731.644,292.364
826,United Kingdom,8,Constant mortality,2077,2077.5,35256.526,35440.356,70696.882,292.22
826,United Kingdom,8,Constant mortality,2078,2078.5,35244.231,35418.618,70662.849,292.08
826,United Kingdom,8,Constant mortality,2079,2079.5,35232.343,35397.599,70629.942,291.944
826,United Kingdom,8,Constant mortality,2080,2080.5,35220.964,35377.479,70598.443,291.814
826,United Kingdom,8,Constant mortality,2081,2081.5,35210.115,35358.326,70568.441,291.69
826,United Kingdom,8,Constant mortality,2082,2082.5,35199.753,35340.12,70539.873,291.571
826,United Kingdom,8,Constant mortality,2083,2083.5,35189.845,35322.945,70512.79,291.459
826,United Kingdom,8,Constant mortality,2084,2084.5,35180.313,35306.848,70487.161,291.354
826,United Kingdom,8,Constant mortality,2085,2085.5,35171.068,35291.84,70462.908,291.253
826,United Kingdom,8,Constant mortality,2086,2086.5,35162.091,35277.928,70440.019,291.159
826,United Kingdom,8,Constant mortality,2087,2087.5,35153.291,35265.008,70418.299,291.069
826,United Kingdom,8,Constant mortality,2088,2088.5,35144.424,35252.856,70397.28,290.982
826,United Kingdom,8,Constant mortality,2089,2089.5,35135.191,35241.151,70376.342,290.895
826,United Kingdom,8,Constant mortality,2090,2090.5,35125.345,35229.64,70354.985,290.807
826,United Kingdom,8,Constant mortality,2091,2091.5,35114.755,35218.139,70332.894,290.716
826,United Kingdom,8,Constant mortality,2092,2092.5,35103.391,35206.529,70309.92,290.621
826,United Kingdom,8,Constant mortality,2093,2093.5,35091.246,35194.743,70285.989,290.522
826,United Kingdom,8,Constant mortality,2094,2094.5,35078.381,35182.703,70261.084,290.419
826,United Kingdom,8,Constant mortality,2095,2095.5,35064.777,35170.301,70235.078,290.312
826,United Kingdom,8,Constant mortality,2096,2096.5,35050.423,35157.373,70207.796,290.199
826,United Kingdom,8,Constant mortality,2097,2097.5,35035.242,35143.695,70178.937,290.08
826,United Kingdom,8,Constant mortality,2098,2098.5,35019.13,35128.978,70148.108,289.952
826,United Kingdom,8,Constant mortality,2099,2099.5,35001.919,35112.9,70114.819,289.814
826,United Kingdom,8,Constant mortality,2100,2100.5,34983.424,35095.053,70078.477,289.664
826,United Kingdom,9,No change,2020,2020.5,33542.415,34343.589,67886.004,280.602
826,United Kingdom,9,No change,2021,2021.5,33688.862,34469.872,68158.734,281.729
826,United Kingdom,9,No change,2022,2022.5,33826.44,34590.291,68416.731,282.796
826,United Kingdom,9,No change,2023,2023.5,33955.568,34704.859,68660.427,283.803
826,United Kingdom,9,No change,2024,2024.5,34076.598,34813.573,68890.171,284.752
826,United Kingdom,9,No change,2025,2025.5,34189.807,34916.399,69106.206,285.645
826,United Kingdom,9,No change,2026,2026.5,34295.428,35013.259,69308.687,286.482
826,United Kingdom,9,No change,2027,2027.5,34393.609,35104.084,69497.693,287.264
826,United Kingdom,9,No change,2028,2028.5,34484.472,35188.772,69673.244,287.989
826,United Kingdom,9,No change,2029,2029.5,34568.107,35267.196,69835.303,288.659
826,United Kingdom,9,No change,2030,2030.5,34644.644,35339.327,69983.971,289.274
826,United Kingdom,9,No change,2031,2031.5,34714.331,35405.229,70119.56,289.834
826,United Kingdom,9,No change,2032,2032.5,34777.606,35465.111,70242.717,290.343
826,United Kingdom,9,No change,2033,2033.5,34835.102,35519.383,70354.485,290.805
826,United Kingdom,9,No change,2034,2034.5,34887.572,35568.545,70456.117,291.225
826,United Kingdom,9,No change,2035,2035.5,34935.689,35613.06,70548.749,291.608
826,United Kingdom,9,No change,2036,2036.5,34979.746,35653.091,70632.837,291.956
826,United Kingdom,9,No change,2037,2037.5,35020.033,35688.818,70708.851,292.27
826,United Kingdom,9,No change,2038,2038.5,35057.158,35720.831,70777.989,292.556
826,United Kingdom,9,No change,2039,2039.5,35091.808,35749.799,70841.607,292.819
826,United Kingdom,9,No change,2040,2040.5,35124.505,35776.227,70900.732,293.063
826,United Kingdom,9,No change,2041,2041.5,35155.58,35800.38,70955.96,293.291
826,United Kingdom,9,No change,2042,2042.5,35185.026,35822.23,71007.256,293.503
826,United Kingdom,9,No change,2043,2043.5,35212.599,35841.541,71054.14,293.697
826,United Kingdom,9,No change,2044,2044.5,35237.841,35857.933,71095.774,293.869
826,United Kingdom,9,No change,2045,2045.5,35260.384,35871.098,71131.482,294.017
826,United Kingdom,9,No change,2046,2046.5,35280.27,35881.091,71161.361,294.14
826,United Kingdom,9,No change,2047,2047.5,35297.62,35887.989,71185.609,294.241
826,United Kingdom,9,No change,2048,2048.5,35312.211,35891.504,71203.715,294.315
826,United Kingdom,9,No change,2049,2049.5,35323.773,35891.267,71215.04,294.362
826,United Kingdom,9,No change,2050,2050.5,35332.153,35887.066,71219.219,294.379
826,United Kingdom,9,No change,2051,2051.5,35337.309,35878.869,71216.178,294.367
826,United Kingdom,9,No change,2052,2052.5,35339.401,35866.907,71206.308,294.326
826,United Kingdom,9,No change,2053,2053.5,35338.731,35851.489,71190.22,294.26
826,United Kingdom,9,No change,2054,2054.5,35335.704,35833.078,71168.782,294.171
826,United Kingdom,9,No change,2055,2055.5,35330.703,35812.093,71142.796,294.064
826,United Kingdom,9,No change,2056,2056.5,35323.849,35788.676,71112.525,293.938
826,United Kingdom,9,No change,2057,2057.5,35315.209,35763.048,71078.257,293.797
826,United Kingdom,9,No change,2058,2058.5,35305.05,35735.689,71040.739,293.642
826,United Kingdom,9,No change,2059,2059.5,35293.639,35707.203,71000.842,293.477
826,United Kingdom,9,No change,2060,2060.5,35281.19,35678.056,70959.246,293.305
826,United Kingdom,9,No change,2061,2061.5,35267.878,35648.507,70916.385,293.128
826,United Kingdom,9,No change,2062,2062.5,35253.767,35618.663,70872.43,292.946
826,United Kingdom,9,No change,2063,2063.5,35238.847,35588.617,70827.464,292.76
826,United Kingdom,9,No change,2064,2064.5,35223.044,35558.401,70781.445,292.57
826,United Kingdom,9,No change,2065,2065.5,35206.337,35528.039,70734.376,292.375
826,United Kingdom,9,No change,2066,2066.5,35188.8,35497.663,70686.463,292.177
826,United Kingdom,9,No change,2067,2067.5,35170.505,35467.367,70637.872,291.976
826,United Kingdom,9,No change,2068,2068.5,35151.487,35437.022,70588.509,291.772
826,United Kingdom,9,No change,2069,2069.5,35131.747,35406.446,70538.193,291.564
826,United Kingdom,9,No change,2070,2070.5,35111.3,35375.525,70486.825,291.352
826,United Kingdom,9,No change,2071,2071.5,35090.209,35344.262,70434.471,291.136
826,United Kingdom,9,No change,2072,2072.5,35068.54,35312.768,70381.308,290.916
826,United Kingdom,9,No change,2073,2073.5,35046.459,35281.088,70327.547,290.694
826,United Kingdom,9,No change,2074,2074.5,35024.127,35249.324,70273.451,290.47
826,United Kingdom,9,No change,2075,2075.5,35001.694,35217.538,70219.232,290.246
826,United Kingdom,9,No change,2076,2076.5,34979.226,35185.764,70164.99,290.022
826,United Kingdom,9,No change,2077,2077.5,34956.752,35154.087,70110.839,289.798
826,United Kingdom,9,No change,2078,2078.5,34934.414,35122.721,70057.135,289.576
826,United Kingdom,9,No change,2079,2079.5,34912.332,35091.909,70004.241,289.357
826,United Kingdom,9,No change,2080,2080.5,34890.602,35061.862,69952.464,289.143
826,United Kingdom,9,No change,2081,2081.5,34869.251,35032.617,69901.868,288.934
826,United Kingdom,9,No change,2082,2082.5,34848.252,35004.193,69852.445,288.73
826,United Kingdom,9,No change,2083,2083.5,34827.564,34976.645,69804.209,288.531
826,United Kingdom,9,No change,2084,2084.5,34807.087,34950.018,69757.105,288.336
826,United Kingdom,9,No change,2085,2085.5,34786.755,34924.342,69711.097,288.146
826,United Kingdom,9,No change,2086,2086.5,34766.531,34899.604,69666.135,287.96
826,United Kingdom,9,No change,2087,2087.5,34746.351,34875.718,69622.069,287.778
826,United Kingdom,9,No change,2088,2088.5,34725.992,34852.478,69578.47,287.598
826,United Kingdom,9,No change,2089,2089.5,34705.199,34829.618,69534.817,287.417
826,United Kingdom,9,No change,2090,2090.5,34683.755,34806.903,69490.658,287.235
826,United Kingdom,9,No change,2091,2091.5,34661.56,34784.162,69445.722,287.049
826,United Kingdom,9,No change,2092,2092.5,34638.548,34761.274,69399.822,286.859
826,United Kingdom,9,No change,2093,2093.5,34614.731,34738.155,69352.886,286.665
826,United Kingdom,9,No change,2094,2094.5,34590.104,34714.713,69304.817,286.466
826,United Kingdom,9,No change,2095,2095.5,34564.692,34690.832,69255.524,286.263
826,United Kingdom,9,No change,2096,2096.5,34538.427,34666.314,69204.741,286.053
826,United Kingdom,9,No change,2097,2097.5,34511.263,34640.952,69152.215,285.836
826,United Kingdom,9,No change,2098,2098.5,34483.079,34614.469,69097.548,285.61
826,United Kingdom,9,No change,2099,2099.5,34453.732,34586.52,69040.252,285.373
826,United Kingdom,9,No change,2100,2100.5,34423.043,34556.743,68979.786,285.123
826,United Kingdom,10,Momentum,2020,2020.5,33542.415,34343.589,67886.004,280.602
826,United Kingdom,10,Momentum,2021,2021.5,33698.467,34477.837,68176.304,281.802
826,United Kingdom,10,Momentum,2022,2022.5,33831.268,34590.693,68421.961,282.817
826,United Kingdom,10,Momentum,2023,2023.5,33944.695,34686.098,68630.793,283.68
826,United Kingdom,10,Momentum,2024,2024.5,34044.568,34769.958,68814.526,284.44
826,United Kingdom,10,Momentum,2025,2025.5,34135.272,34846.643,68981.915,285.132
826,United Kingdom,10,Momentum,2026,2026.5,34218.23,34917.563,69135.793,285.768
826,United Kingdom,10,Momentum,2027,2027.5,34292.566,34981.663,69274.229,286.34
826,United Kingdom,10,Momentum,2028,2028.5,34357.646,35038.027,69395.673,286.842
826,United Kingdom,10,Momentum,2029,2029.5,34412.074,35084.847,69496.921,287.26
826,United Kingdom,10,Momentum,2030,2030.5,34455.055,35120.966,69576.021,287.587
826,United Kingdom,10,Momentum,2031,2031.5,34486.938,35146.6,69633.538,287.825
826,United Kingdom,10,Momentum,2032,2032.5,34509.003,35162.894,69671.897,287.984
826,United Kingdom,10,Momentum,2033,2033.5,34522.377,35170.712,69693.089,288.071
826,United Kingdom,10,Momentum,2034,2034.5,34528.473,35171.222,69699.695,288.099
826,United Kingdom,10,Momentum,2035,2035.5,34528.523,35165.431,69693.954,288.075
826,United Kingdom,10,Momentum,2036,2036.5,34523.163,35153.812,69676.975,288.005
826,United Kingdom,10,Momentum,2037,2037.5,34512.908,35136.769,69649.677,287.892
826,United Kingdom,10,Momentum,2038,2038.5,34498.651,35115.152,69613.803,287.744
826,United Kingdom,10,Momentum,2039,2039.5,34481.364,35089.899,69571.263,287.568
826,United Kingdom,10,Momentum,2040,2040.5,34461.835,35061.78,69523.615,287.371
826,United Kingdom,10,Momentum,2041,2041.5,34440.71,35031.347,69472.057,287.158
826,United Kingdom,10,Momentum,2042,2042.5,34418.365,34998.922,69417.287,286.931
826,United Kingdom,10,Momentum,2043,2043.5,34395.029,34964.743,69359.772,286.694
826,United Kingdom,10,Momentum,2044,2044.5,34370.782,34928.93,69299.712,286.445
826,United Kingdom,10,Momentum,2045,2045.5,34345.73,34891.607,69237.337,286.187
826,United Kingdom,10,Momentum,2046,2046.5,34320.128,34853.056,69173.184,285.922
826,United Kingdom,10,Momentum,2047,2047.5,34294.278,34813.518,69107.796,285.652
826,United Kingdom,10,Momentum,2048,2048.5,34268.409,34773.134,69041.543,285.378
826,United Kingdom,10,Momentum,2049,2049.5,34242.722,34731.963,68974.685,285.102
826,United Kingdom,10,Momentum,2050,2050.5,34217.376,34690.085,68907.461,284.824
826,United Kingdom,10,Momentum,2051,2051.5,34192.443,34647.607,68840.05,284.545
826,United Kingdom,10,Momentum,2052,2052.5,34167.964,34604.62,68772.584,284.266
826,United Kingdom,10,Momentum,2053,2053.5,34143.964,34561.183,68705.147,283.988
826,United Kingdom,10,Momentum,2054,2054.5,34120.43,34517.327,68637.757,283.709
826,United Kingdom,10,Momentum,2055,2055.5,34097.306,34473.08,68570.386,283.431
826,United Kingdom,10,Momentum,2056,2056.5,34074.622,34428.496,68503.118,283.153
826,United Kingdom,10,Momentum,2057,2057.5,34052.286,34383.599,68435.885,282.875
826,United Kingdom,10,Momentum,2058,2058.5,34029.882,34338.28,68368.162,282.595
826,United Kingdom,10,Momentum,2059,2059.5,34006.921,34292.383,68299.304,282.31
826,United Kingdom,10,Momentum,2060,2060.5,33982.996,34245.793,68228.789,282.019
826,United Kingdom,10,Momentum,2061,2061.5,33958.051,34198.558,68156.609,281.72
826,United Kingdom,10,Momentum,2062,2062.5,33932.135,34150.763,68082.898,281.416
826,United Kingdom,10,Momentum,2063,2063.5,33905.114,34102.399,68007.513,281.104
826,United Kingdom,10,Momentum,2064,2064.5,33876.888,34053.455,67930.343,280.785
826,United Kingdom,10,Momentum,2065,2065.5,33847.459,34003.997,67851.456,280.459
826,United Kingdom,10,Momentum,2066,2066.5,33816.828,33954.12,67770.948,280.126
826,United Kingdom,10,Momentum,2067,2067.5,33785.225,33904.006,67689.231,279.788
826,United Kingdom,10,Momentum,2068,2068.5,33752.984,33853.882,67606.866,279.448
826,United Kingdom,10,Momentum,2069,2069.5,33720.577,33804.006,67524.583,279.108
826,United Kingdom,10,Momentum,2070,2070.5,33688.446,33754.645,67443.091,278.771
826,United Kingdom,10,Momentum,2071,2071.5,33656.803,33706.012,67362.815,278.439
826,United Kingdom,10,Momentum,2072,2072.5,33625.879,33658.356,67284.235,278.114
826,United Kingdom,10,Momentum,2073,2073.5,33596.198,33612.11,67208.308,277.801
826,United Kingdom,10,Momentum,2074,2074.5,33568.348,33567.749,67136.097,277.502
826,United Kingdom,10,Momentum,2075,2075.5,33542.817,33525.723,67068.54,277.223
826,United Kingdom,10,Momentum,2076,2076.5,33519.815,33486.208,67006.023,276.965
826,United Kingdom,10,Momentum,2077,2077.5,33499.493,33449.428,66948.921,276.728
826,United Kingdom,10,Momentum,2078,2078.5,33482.135,33415.769,66897.904,276.518
826,United Kingdom,10,Momentum,2079,2079.5,33468.031,33385.686,66853.717,276.335
826,United Kingdom,10,Momentum,2080,2080.5,33457.345,33359.487,66816.832,276.182
826,United Kingdom,10,Momentum,2081,2081.5,33450.146,33337.282,66787.428,276.061
826,United Kingdom,10,Momentum,2082,2082.5,33446.32,33319.037,66765.357,275.97
826,United Kingdom,10,Momentum,2083,2083.5,33445.705,33304.73,66750.435,275.908
826,United Kingdom,10,Momentum,2084,2084.5,33448.022,33294.273,66742.295,275.874
826,United Kingdom,10,Momentum,2085,2085.5,33452.962,33287.515,66740.477,275.867
826,United Kingdom,10,Momentum,2086,2086.5,33460.365,33284.359,66744.724,275.884
826,United Kingdom,10,Momentum,2087,2087.5,33469.968,33284.537,66754.505,275.925
826,United Kingdom,10,Momentum,2088,2088.5,33481.189,33287.558,66768.747,275.984
826,United Kingdom,10,Momentum,2089,2089.5,33493.346,33292.746,66786.092,276.055
826,United Kingdom,10,Momentum,2090,2090.5,33505.818,33299.533,66805.351,276.135
826,United Kingdom,10,Momentum,2091,2091.5,33518.185,33307.465,66825.65,276.219
826,United Kingdom,10,Momentum,2092,2092.5,33530.166,33316.203,66846.369,276.305
826,United Kingdom,10,Momentum,2093,2093.5,33541.558,33325.482,66867.04,276.39
826,United Kingdom,10,Momentum,2094,2094.5,33552.171,33335.005,66887.176,276.473
826,United Kingdom,10,Momentum,2095,2095.5,33561.784,33344.423,66906.207,276.552
826,United Kingdom,10,Momentum,2096,2096.5,33570.059,33353.283,66923.342,276.623
826,United Kingdom,10,Momentum,2097,2097.5,33576.612,33361.04,66937.652,276.682
826,United Kingdom,10,Momentum,2098,2098.5,33580.938,33367.043,66947.981,276.725
826,United Kingdom,10,Momentum,2099,2099.5,33582.457,33370.54,66952.997,276.745
826,United Kingdom,10,Momentum,2100,2100.5,33580.505,33370.669,66951.174,276.738
826,United Kingdom,202,Median PI,2020,2020.5,33542.415,34343.589,67886.004,280.602
826,United Kingdom,202,Median PI,2025,2025.5,34302.108,34971.532,69273.64,286.338
826,United Kingdom,202,Median PI,2030,2030.5,34964.566,35520.917,70485.483,291.347
826,United Kingdom,202,Median PI,2035,2035.5,35541.843,36006.913,71548.756,295.742
826,United Kingdom,202,Median PI,2040,2040.5,36066.874,36420.022,72486.896,299.619
826,United Kingdom,202,Median PI,2045,2045.5,36558.475,36787.944,73346.419,303.172
826,United Kingdom,202,Median PI,2050,2050.5,36985.179,37096.804,74081.983,306.212
826,United Kingdom,202,Median PI,2055,2055.5,37321.136,37320.391,74641.527,308.525
826,United Kingdom,202,Median PI,2060,2060.5,37585.74,37474.733,75060.473,310.257
826,United Kingdom,202,Median PI,2065,2065.5,37820.634,37607.684,75428.318,311.777
826,United Kingdom,202,Median PI,2070,2070.5,38054.357,37760.757,75815.114,313.376
826,United Kingdom,202,Median PI,2075,2075.5,38275.296,37919.381,76194.677,314.945
826,United Kingdom,202,Median PI,2080,2080.5,38473.16,38061.655,76534.815,316.351
826,United Kingdom,202,Median PI,2085,2085.5,38658.081,38200.477,76858.558,317.689
826,United Kingdom,202,Median PI,2090,2090.5,38856.31,38363.772,77220.082,319.184
826,United Kingdom,202,Median PI,2095,2095.5,39069.506,38560.383,77629.889,320.877
826,United Kingdom,202,Median PI,2100,2100.5,39281.188,38772.075,78053.263,322.627
826,United Kingdom,203,Upper 80 PI,2020,2020.5,33542.415,34343.589,67886.004,280.602
826,United Kingdom,203,Upper 80 PI,2025,2025.5,34490.899,35137.055,69621.929,287.777
826,United Kingdom,203,Upper 80 PI,2030,2030.5,35347.54,35852.148,71186.74,294.245
826,United Kingdom,203,Upper 80 PI,2035,2035.5,36127.537,36514.605,72624.551,300.188
826,United Kingdom,203,Upper 80 PI,2040,2040.5,36851.478,37132.292,73952.341,305.677
826,United Kingdom,203,Upper 80 PI,2045,2045.5,37547.637,37709.979,75211.094,310.88
826,United Kingdom,203,Upper 80 PI,2050,2050.5,38176.769,38238.629,76360.681,315.631
826,United Kingdom,203,Upper 80 PI,2055,2055.5,38732.041,38698.54,77370.101,319.804
826,United Kingdom,203,Upper 80 PI,2060,2060.5,39266.071,39097.018,78318.642,323.724
826,United Kingdom,203,Upper 80 PI,2065,2065.5,39792.206,39509.695,79232.706,327.503
826,United Kingdom,203,Upper 80 PI,2070,2070.5,40315.12,39950.29,80205.157,331.522
826,United Kingdom,203,Upper 80 PI,2075,2075.5,40828.27,40432.092,81228.371,335.752
826,United Kingdom,203,Upper 80 PI,2080,2080.5,41399.083,40882.273,82281.927,340.106
826,United Kingdom,203,Upper 80 PI,2085,2085.5,41936.96,41418.249,83356.997,344.55
826,United Kingdom,203,Upper 80 PI,2090,2090.5,42508.919,41918.378,84423.984,348.96
826,United Kingdom,203,Upper 80 PI,2095,2095.5,43073.918,42497.765,85584.976,353.759
826,United Kingdom,203,Upper 80 PI,2100,2100.5,43694.134,43078.07,86806.295,358.807
826,United Kingdom,204,Lower 80 PI,2020,2020.5,33542.415,34343.589,67886.004,280.602
826,United Kingdom,204,Lower 80 PI,2025,2025.5,34103.639,34803.284,68914.782,284.854
826,United Kingdom,204,Lower 80 PI,2030,2030.5,34543.829,35169.074,69728.122,288.216
826,United Kingdom,204,Lower 80 PI,2035,2035.5,34883.039,35471.964,70380.245,290.912
826,United Kingdom,204,Lower 80 PI,2040,2040.5,35174.619,35679.366,70888.864,293.014
826,United Kingdom,204,Lower 80 PI,2045,2045.5,35449.524,35839.607,71335.622,294.861
826,United Kingdom,204,Lower 80 PI,2050,2050.5,35658.867,35925.995,71608.273,295.988
826,United Kingdom,204,Lower 80 PI,2055,2055.5,35763.85,35935.453,71752.379,296.583
826,United Kingdom,204,Lower 80 PI,2060,2060.5,35799.315,35840.552,71700.293,296.368
826,United Kingdom,204,Lower 80 PI,2065,2065.5,35764.512,35727.114,71535.323,295.686
826,United Kingdom,204,Lower 80 PI,2070,2070.5,35753.056,35590.281,71403.864,295.143
826,United Kingdom,204,Lower 80 PI,2075,2075.5,35675.743,35482.458,71214.972,294.362
826,United Kingdom,204,Lower 80 PI,2080,2080.5,35561.542,35307.865,70875.613,292.959
826,United Kingdom,204,Lower 80 PI,2085,2085.5,35401.978,35159.414,70591.375,291.784
826,United Kingdom,204,Lower 80 PI,2090,2090.5,35240.76,35019.75,70304.663,290.599
826,United Kingdom,204,Lower 80 PI,2095,2095.5,35064.305,34883.628,70031.207,289.469
826,United Kingdom,204,Lower 80 PI,2100,2100.5,34960.715,34707.312,69763.186,288.361
826,United Kingdom,206,Upper 95 PI,2020,2020.5,33542.415,34343.589,67886.004,280.602
826,United Kingdom,206,Upper 95 PI,2025,2025.5,34594.855,35225.772,69804.425,288.531
826,United Kingdom,206,Upper 95 PI,2030,2030.5,35555.03,36035.131,71567.917,295.821
826,United Kingdom,206,Upper 95 PI,2035,2035.5,36444.321,36811.144,73225.049,302.67
826,United Kingdom,206,Upper 95 PI,2040,2040.5,37279.555,37512.118,74745.638,308.956
826,United Kingdom,206,Upper 95 PI,2045,2045.5,38094.533,38202.424,76228.834,315.086
826,United Kingdom,206,Upper 95 PI,2050,2050.5,38851.755,38849.835,77618.404,320.83
826,United Kingdom,206,Upper 95 PI,2055,2055.5,39558.777,39460.013,78998.106,326.533
826,United Kingdom,206,Upper 95 PI,2060,2060.5,40256.775,40019.793,80243.978,331.683
826,United Kingdom,206,Upper 95 PI,2065,2065.5,40945.362,40637.72,81480.195,336.792
826,United Kingdom,206,Upper 95 PI,2070,2070.5,41699.954,41258.002,82871.756,342.544
826,United Kingdom,206,Upper 95 PI,2075,2075.5,42468.679,41969.803,84374.268,348.755
826,United Kingdom,206,Upper 95 PI,2080,2080.5,43268.107,42667.19,85880.485,354.981
826,United Kingdom,206,Upper 95 PI,2085,2085.5,44095.389,43461.997,87566.625,361.95
826,United Kingdom,206,Upper 95 PI,2090,2090.5,44948.584,44234.913,89147.764,368.486
826,United Kingdom,206,Upper 95 PI,2095,2095.5,45891.968,45164.862,90962.927,375.989
826,United Kingdom,206,Upper 95 PI,2100,2100.5,47029.598,46121.484,93082.699,384.751
826,United Kingdom,207,Lower 95 PI,2020,2020.5,33542.415,34343.589,67886.004,280.602
826,United Kingdom,207,Lower 95 PI,2025,2025.5,33982.194,34708.613,68712.316,284.017
826,United Kingdom,207,Lower 95 PI,2030,2030.5,34297.799,34974.72,69317.138,286.517
826,United Kingdom,207,Lower 95 PI,2035,2035.5,34495.007,35175.136,69731.631,288.231
826,United Kingdom,207,Lower 95 PI,2040,2040.5,34638.809,35282.878,70021.254,289.428
826,United Kingdom,207,Lower 95 PI,2045,2045.5,34767.56,35343.362,70203.189,290.18
826,United Kingdom,207,Lower 95 PI,2050,2050.5,34838.104,35306.558,70264.99,290.435
826,United Kingdom,207,Lower 95 PI,2055,2055.5,34806.969,35197.554,70128.936,289.873
826,United Kingdom,207,Lower 95 PI,2060,2060.5,34724.738,34975.167,69861.571,288.768
826,United Kingdom,207,Lower 95 PI,2065,2065.5,34577.306,34729.555,69495.45,287.254
826,United Kingdom,207,Lower 95 PI,2070,2070.5,34372.262,34471.259,69019.865,285.289
826,United Kingdom,207,Lower 95 PI,2075,2075.5,34157.716,34168.052,68463.398,282.988
826,United Kingdom,207,Lower 95 PI,2080,2080.5,33900.617,33805.18,67912.16,280.71
826,United Kingdom,207,Lower 95 PI,2085,2085.5,33623.615,33555.857,67344.821,278.365
826,United Kingdom,207,Lower 95 PI,2090,2090.5,33325.056,33198.872,66627.424,275.4
826,United Kingdom,207,Lower 95 PI,2095,2095.5,32957.062,32853.619,65827.758,272.094
826,United Kingdom,207,Lower 95 PI,2100,2100.5,32599.487,32496.109,65131.043,269.214
1110,United Kingdom (and dependencies),2,Medium,1950,1950.5,24462.567,26415.274,50877.841,198.092
1110,United Kingdom (and dependencies),2,Medium,1951,1951.5,24444.624,26421.328,50865.952,198.045
1110,United Kingdom (and dependencies),2,Medium,1952,1952.5,24467.468,26449.52,50916.988,198.244
1110,United Kingdom (and dependencies),2,Medium,1953,1953.5,24521.729,26496.256,51017.985,198.637
1110,United Kingdom (and dependencies),2,Medium,1954,1954.5,24600.088,26558.779,51158.867,199.186
1110,United Kingdom (and dependencies),2,Medium,1955,1955.5,24697.29,26635.285,51332.575,199.862
1110,United Kingdom (and dependencies),2,Medium,1956,1956.5,24810.278,26724.859,51535.137,200.651
1110,United Kingdom (and dependencies),2,Medium,1957,1957.5,24938.067,26827.506,51765.573,201.548
1110,United Kingdom (and dependencies),2,Medium,1958,1958.5,25081.434,26943.922,52025.356,202.559
1110,United Kingdom (and dependencies),2,Medium,1959,1959.5,25242.239,27075.257,52317.496,203.697
1110,United Kingdom (and dependencies),2,Medium,1960,1960.5,25421.967,27222.129,52644.096,204.968
1110,United Kingdom (and dependencies),2,Medium,1961,1961.5,25619.762,27383.739,53003.501,206.368
1110,United Kingdom (and dependencies),2,Medium,1962,1962.5,25830.918,27557.079,53387.997,207.865
1110,United Kingdom (and dependencies),2,Medium,1963,1963.5,26046.149,27736.441,53782.59,209.401
1110,United Kingdom (and dependencies),2,Medium,1964,1964.5,26253.647,27914.531,54168.178,210.902
1110,United Kingdom (and dependencies),2,Medium,1965,1965.5,26444.491,28085.459,54529.95,212.311
1110,United Kingdom (and dependencies),2,Medium,1966,1966.5,26614.521,28247.175,54861.696,213.603
1110,United Kingdom (and dependencies),2,Medium,1967,1967.5,26764.355,28398.84,55163.195,214.776
1110,United Kingdom (and dependencies),2,Medium,1968,1968.5,26896.115,28537.099,55433.214,215.828
1110,United Kingdom (and dependencies),2,Medium,1969,1969.5,27013.969,28658.537,55672.506,216.759
1110,United Kingdom (and dependencies),2,Medium,1970,1970.5,27121.092,28760.966,55882.058,217.575
1110,United Kingdom (and dependencies),2,Medium,1971,1971.5,27218.126,28843.034,56061.16,218.273
1110,United Kingdom (and dependencies),2,Medium,1972,1972.5,27303.664,28905.463,56209.127,218.849
1110,United Kingdom (and dependencies),2,Medium,1973,1973.5,27376.151,28950.834,56326.985,219.308
1110,United Kingdom (and dependencies),2,Medium,1974,1974.5,27433.532,28982.999,56416.531,219.656
1110,United Kingdom (and dependencies),2,Medium,1975,1975.5,27474.91,29005.418,56480.328,219.905
1110,United Kingdom (and dependencies),2,Medium,1976,1976.5,27500.371,29019.214,56519.585,220.058
1110,United Kingdom (and dependencies),2,Medium,1977,1977.5,27512.36,29025.449,56537.809,220.129
1110,United Kingdom (and dependencies),2,Medium,1978,1978.5,27515.203,29027.722,56542.925,220.148
1110,United Kingdom (and dependencies),2,Medium,1979,1979.5,27514.662,29030.146,56544.808,220.156
1110,United Kingdom (and dependencies),2,Medium,1980,1980.5,27515.338,29036.124,56551.462,220.182
1110,United Kingdom (and dependencies),2,Medium,1981,1981.5,27518.542,29046.998,56565.54,220.236
1110,United Kingdom (and dependencies),2,Medium,1982,1982.5,27525.045,29063.572,56588.617,220.326
1110,United Kingdom (and dependencies),2,Medium,1983,1983.5,27538.324,29088.287,56626.611,220.474
1110,United Kingdom (and dependencies),2,Medium,1984,1984.5,27562.376,29123.523,56685.899,220.705
1110,United Kingdom (and dependencies),2,Medium,1985,1985.5,27599.67,29170.83,56770.5,221.034
1110,United Kingdom (and dependencies),2,Medium,1986,1986.5,27652.649,29231.731,56884.38,221.478
1110,United Kingdom (and dependencies),2,Medium,1987,1987.5,27720.445,29305.409,57025.854,222.029
1110,United Kingdom (and dependencies),2,Medium,1988,1988.5,27798.503,29387.95,57186.453,222.654
1110,United Kingdom (and dependencies),2,Medium,1989,1989.5,27880.114,29473.738,57353.852,223.306
1110,United Kingdom (and dependencies),2,Medium,1990,1990.5,27960.526,29558.654,57519.18,223.949
1110,United Kingdom (and dependencies),2,Medium,1991,1991.5,28038.531,29641.452,57679.983,224.576
1110,United Kingdom (and dependencies),2,Medium,1992,1992.5,28115.909,29723.149,57839.058,225.195
1110,United Kingdom (and dependencies),2,Medium,1993,1993.5,28194.342,29804.334,57998.676,225.816
1110,United Kingdom (and dependencies),2,Medium,1994,1994.5,28276.798,29886.519,58163.317,226.457
1110,United Kingdom (and dependencies),2,Medium,1995,1995.5,28365.472,29970.868,58336.34,227.131
1110,United Kingdom (and dependencies),2,Medium,1996,1996.5,28462.429,30059.524,58521.953,227.854
1110,United Kingdom (and dependencies),2,Medium,1997,1997.5,28567.841,30152.782,58720.623,228.627
1110,United Kingdom (and dependencies),2,Medium,1998,1998.5,28680.613,30247.872,58928.485,229.437
1110,United Kingdom (and dependencies),2,Medium,1999,1999.5,28798.842,30340.942,59139.784,230.259
1110,United Kingdom (and dependencies),2,Medium,2000,2000.5,28922.088,30430.604,59352.692,231.088
1110,United Kingdom (and dependencies),2,Medium,2001,2001.5,29046.912,30512.209,59559.121,231.892
1110,United Kingdom (and dependencies),2,Medium,2002,2002.5,29176.383,30590.204,59766.587,232.7
1110,United Kingdom (and dependencies),2,Medium,2003,2003.5,29324.313,30682.982,60007.295,233.637
1110,United Kingdom (and dependencies),2,Medium,2004,2004.5,29509.194,30815.198,60324.392,234.871
1110,United Kingdom (and dependencies),2,Medium,2005,2005.5,29742.667,31002.871,60745.538,236.511
1110,United Kingdom (and dependencies),2,Medium,2006,2006.5,30030.943,31254.244,61285.187,238.612
1110,United Kingdom (and dependencies),2,Medium,2007,2007.5,30365.759,31559.698,61925.457,241.105
1110,United Kingdom (and dependencies),2,Medium,2008,2008.5,30726.318,31895.424,62621.742,243.816
1110,United Kingdom (and dependencies),2,Medium,2009,2009.5,31083.292,32227.615,63310.907,246.499
1110,United Kingdom (and dependencies),2,Medium,2010,2010.5,31415.313,32531.577,63946.89,248.976
1110,United Kingdom (and dependencies),2,Medium,2011,2011.5,31714.316,32798.412,64512.728,251.179
1110,United Kingdom (and dependencies),2,Medium,2012,2012.5,31984.949,33033.973,65018.922,253.15
1110,United Kingdom (and dependencies),2,Medium,2013,2013.5,32233.62,33246.27,65479.89,254.944
1110,United Kingdom (and dependencies),2,Medium,2014,2014.5,32472.026,33449.175,65921.201,256.663
1110,United Kingdom (and dependencies),2,Medium,2015,2015.5,32708.449,33652.554,66361.003,258.375
1110,United Kingdom (and dependencies),2,Medium,2016,2016.5,32943.977,33858.057,66802.034,260.092
1110,United Kingdom (and dependencies),2,Medium,2017,2017.5,33174.471,34060.755,67235.226,261.779
1110,United Kingdom (and dependencies),2,Medium,2018,2018.5,33396.668,34256.697,67653.365,263.407
1110,United Kingdom (and dependencies),2,Medium,2019,2019.5,33605.728,34439.971,68045.699,264.934
1110,United Kingdom (and dependencies),2,Medium,2020,2020.5,33798.469,34606.62,68405.089,266.333
1110,United Kingdom (and dependencies),2,Medium,2021,2021.5,33973.956,34755.471,68729.427,267.596
1110,United Kingdom (and dependencies),2,Medium,2022,2022.5,34134.268,34888.964,69023.232,268.74
1110,United Kingdom (and dependencies),2,Medium,2023,2023.5,34283.004,35011.035,69294.039,269.795
1110,United Kingdom (and dependencies),2,Medium,2024,2024.5,34425.385,35127.269,69552.654,270.801
1110,United Kingdom (and dependencies),2,Medium,2025,2025.5,34565.241,35241.891,69807.132,271.792
1110,United Kingdom (and dependencies),2,Medium,2026,2026.5,34703.991,35356.259,70060.25,272.778
1110,United Kingdom (and dependencies),2,Medium,2027,2027.5,34841.079,35469.705,70310.784,273.753
1110,United Kingdom (and dependencies),2,Medium,2028,2028.5,34975.878,35581.772,70557.65,274.714
1110,United Kingdom (and dependencies),2,Medium,2029,2029.5,35107.133,35691.47,70798.603,275.653
1110,United Kingdom (and dependencies),2,Medium,2030,2030.5,35233.917,35797.945,71031.862,276.561
1110,United Kingdom (and dependencies),2,Medium,2031,2031.5,35356.45,35901.557,71258.007,277.441
1110,United Kingdom (and dependencies),2,Medium,2032,2032.5,35475.568,36002.891,71478.459,278.3
1110,United Kingdom (and dependencies),2,Medium,2033,2033.5,35591.625,36101.602,71693.227,279.136
1110,United Kingdom (and dependencies),2,Medium,2034,2034.5,35705.076,36197.277,71902.353,279.95
1110,United Kingdom (and dependencies),2,Medium,2035,2035.5,35816.322,36289.602,72105.924,280.743
1110,United Kingdom (and dependencies),2,Medium,2036,2036.5,35925.508,36378.483,72303.991,281.514
1110,United Kingdom (and dependencies),2,Medium,2037,2037.5,36032.659,36464.107,72496.766,282.264
1110,United Kingdom (and dependencies),2,Medium,2038,2038.5,36138.105,36547.009,72685.114,282.998
1110,United Kingdom (and dependencies),2,Medium,2039,2039.5,36242.245,36627.809,72870.054,283.718
1110,United Kingdom (and dependencies),2,Medium,2040,2040.5,36345.292,36707.069,73052.361,284.428
1110,United Kingdom (and dependencies),2,Medium,2041,2041.5,36447.345,36784.891,73232.236,285.128
1110,United Kingdom (and dependencies),2,Medium,2042,2042.5,36548.261,36861.107,73409.368,285.818
1110,United Kingdom (and dependencies),2,Medium,2043,2043.5,36647.617,36935.523,73583.14,286.494
1110,United Kingdom (and dependencies),2,Medium,2044,2044.5,36744.866,37007.856,73752.722,287.154
1110,United Kingdom (and dependencies),2,Medium,2045,2045.5,36839.496,37077.861,73917.357,287.795
1110,United Kingdom (and dependencies),2,Medium,2046,2046.5,36931.39,37145.539,74076.929,288.417
1110,United Kingdom (and dependencies),2,Medium,2047,2047.5,37020.539,37210.834,74231.373,289.018
1110,United Kingdom (and dependencies),2,Medium,2048,2048.5,37106.56,37273.308,74379.868,289.596
1110,United Kingdom (and dependencies),2,Medium,2049,2049.5,37188.995,37332.487,74521.482,290.147
1110,United Kingdom (and dependencies),2,Medium,2050,2050.5,37267.539,37387.961,74655.5,290.669
1110,United Kingdom (and dependencies),2,Medium,2051,2051.5,37342.127,37439.678,74781.805,291.161
1110,United Kingdom (and dependencies),2,Medium,2052,2052.5,37412.858,37487.76,74900.618,291.624
1110,United Kingdom (and dependencies),2,Medium,2053,2053.5,37479.9,37532.358,75012.258,292.058
1110,United Kingdom (and dependencies),2,Medium,2054,2054.5,37543.566,37573.576,75117.142,292.467
1110,United Kingdom (and dependencies),2,Medium,2055,2055.5,37604.117,37611.752,75215.869,292.851
1110,United Kingdom (and dependencies),2,Medium,2056,2056.5,37661.724,37646.949,75308.673,293.212
1110,United Kingdom (and dependencies),2,Medium,2057,2057.5,37716.552,37679.397,75395.949,293.552
1110,United Kingdom (and dependencies),2,Medium,2058,2058.5,37769.041,37709.62,75478.661,293.874
1110,United Kingdom (and dependencies),2,Medium,2059,2059.5,37819.752,37738.189,75557.941,294.183
1110,United Kingdom (and dependencies),2,Medium,2060,2060.5,37869.165,37765.74,75634.905,294.483
1110,United Kingdom (and dependencies),2,Medium,2061,2061.5,37917.441,37792.352,75709.793,294.774
1110,United Kingdom (and dependencies),2,Medium,2062,2062.5,37964.773,37818.352,75783.125,295.06
1110,United Kingdom (and dependencies),2,Medium,2063,2063.5,38011.52,37844.275,75855.795,295.343
1110,United Kingdom (and dependencies),2,Medium,2064,2064.5,38058.064,37870.739,75928.803,295.627
1110,United Kingdom (and dependencies),2,Medium,2065,2065.5,38104.701,37898.2,76002.901,295.915
1110,United Kingdom (and dependencies),2,Medium,2066,2066.5,38151.619,37926.931,76078.55,296.21
1110,United Kingdom (and dependencies),2,Medium,2067,2067.5,38198.796,37956.862,76155.658,296.51
1110,United Kingdom (and dependencies),2,Medium,2068,2068.5,38246.052,37987.833,76233.885,296.815
1110,United Kingdom (and dependencies),2,Medium,2069,2069.5,38293.018,38019.344,76312.362,297.12
1110,United Kingdom (and dependencies),2,Medium,2070,2070.5,38339.424,38051.112,76390.536,297.425
1110,United Kingdom (and dependencies),2,Medium,2071,2071.5,38385.283,38083.121,76468.404,297.728
1110,United Kingdom (and dependencies),2,Medium,2072,2072.5,38430.585,38115.373,76545.958,298.03
1110,United Kingdom (and dependencies),2,Medium,2073,2073.5,38475.219,38147.536,76622.755,298.329
1110,United Kingdom (and dependencies),2,Medium,2074,2074.5,38518.937,38179.207,76698.144,298.622
1110,United Kingdom (and dependencies),2,Medium,2075,2075.5,38561.609,38210.035,76771.644,298.908
1110,United Kingdom (and dependencies),2,Medium,2076,2076.5,38603.251,38239.962,76843.213,299.187
1110,United Kingdom (and dependencies),2,Medium,2077,2077.5,38643.89,38269.047,76912.937,299.459
1110,United Kingdom (and dependencies),2,Medium,2078,2078.5,38683.628,38297.45,76981.078,299.724
1110,United Kingdom (and dependencies),2,Medium,2079,2079.5,38722.547,38325.353,77047.9,299.984
1110,United Kingdom (and dependencies),2,Medium,2080,2080.5,38760.755,38353.013,77113.768,300.24
1110,United Kingdom (and dependencies),2,Medium,2081,2081.5,38798.292,38380.451,77178.743,300.493
1110,United Kingdom (and dependencies),2,Medium,2082,2082.5,38835.284,38407.757,77243.041,300.744
1110,United Kingdom (and dependencies),2,Medium,2083,2083.5,38872.072,38435.316,77307.388,300.994
1110,United Kingdom (and dependencies),2,Medium,2084,2084.5,38909.135,38463.5,77372.635,301.248
1110,United Kingdom (and dependencies),2,Medium,2085,2085.5,38946.802,38492.663,77439.465,301.509
1110,United Kingdom (and dependencies),2,Medium,2086,2086.5,38985.216,38522.965,77508.181,301.776
1110,United Kingdom (and dependencies),2,Medium,2087,2087.5,39024.343,38554.433,77578.776,302.051
1110,United Kingdom (and dependencies),2,Medium,2088,2088.5,39064.225,38587.161,77651.386,302.334
1110,United Kingdom (and dependencies),2,Medium,2089,2089.5,39104.838,38621.311,77726.149,302.625
1110,United Kingdom (and dependencies),2,Medium,2090,2090.5,39146.126,38656.922,77803.048,302.924
1110,United Kingdom (and dependencies),2,Medium,2091,2091.5,39188.028,38693.972,77882,303.232
1110,United Kingdom (and dependencies),2,Medium,2092,2092.5,39230.52,38732.415,77962.935,303.547
1110,United Kingdom (and dependencies),2,Medium,2093,2093.5,39273.481,38772.113,78045.594,303.869
1110,United Kingdom (and dependencies),2,Medium,2094,2094.5,39316.855,38812.886,78129.741,304.196
1110,United Kingdom (and dependencies),2,Medium,2095,2095.5,39360.451,38854.558,78215.009,304.528
1110,United Kingdom (and dependencies),2,Medium,2096,2096.5,39404.096,38896.871,78300.967,304.863
1110,United Kingdom (and dependencies),2,Medium,2097,2097.5,39447.509,38939.608,78387.117,305.198
1110,United Kingdom (and dependencies),2,Medium,2098,2098.5,39490.451,38982.488,78472.939,305.532
1110,United Kingdom (and dependencies),2,Medium,2099,2099.5,39532.593,39025.204,78557.797,305.863
1110,United Kingdom (and dependencies),2,Medium,2100,2100.5,39573.544,39067.469,78641.013,306.187